-- MySQL dump 10.13  Distrib 5.5.43, for debian-linux-gnu (x86_64)
--
-- Host: localhost    Database: sunjob
-- ------------------------------------------------------
-- Server version	5.5.43-0ubuntu0.14.10.1

/*!40101 SET @OLD_CHARACTER_SET_CLIENT=@@CHARACTER_SET_CLIENT */;
/*!40101 SET @OLD_CHARACTER_SET_RESULTS=@@CHARACTER_SET_RESULTS */;
/*!40101 SET @OLD_COLLATION_CONNECTION=@@COLLATION_CONNECTION */;
/*!40101 SET NAMES utf8 */;
/*!40103 SET @OLD_TIME_ZONE=@@TIME_ZONE */;
/*!40103 SET TIME_ZONE='+00:00' */;
/*!40014 SET @OLD_UNIQUE_CHECKS=@@UNIQUE_CHECKS, UNIQUE_CHECKS=0 */;
/*!40014 SET @OLD_FOREIGN_KEY_CHECKS=@@FOREIGN_KEY_CHECKS, FOREIGN_KEY_CHECKS=0 */;
/*!40101 SET @OLD_SQL_MODE=@@SQL_MODE, SQL_MODE='NO_AUTO_VALUE_ON_ZERO' */;
/*!40111 SET @OLD_SQL_NOTES=@@SQL_NOTES, SQL_NOTES=0 */;

--
-- Table structure for table `fanwe_admin`
--

DROP TABLE IF EXISTS `fanwe_admin`;
/*!40101 SET @saved_cs_client     = @@character_set_client */;
/*!40101 SET character_set_client = utf8 */;
CREATE TABLE `fanwe_admin` (
  `id` int(11) NOT NULL AUTO_INCREMENT,
  `adm_name` varchar(255) NOT NULL,
  `adm_password` varchar(255) NOT NULL,
  `is_effect` tinyint(1) NOT NULL,
  `is_delete` tinyint(1) NOT NULL,
  `role_id` int(11) NOT NULL,
  `login_time` int(11) NOT NULL,
  `login_ip` varchar(255) NOT NULL,
  PRIMARY KEY (`id`),
  UNIQUE KEY `unique_adm_name` (`adm_name`)
) ENGINE=MyISAM AUTO_INCREMENT=2 DEFAULT CHARSET=utf8;
/*!40101 SET character_set_client = @saved_cs_client */;

--
-- Dumping data for table `fanwe_admin`
--

LOCK TABLES `fanwe_admin` WRITE;
/*!40000 ALTER TABLE `fanwe_admin` DISABLE KEYS */;
INSERT INTO `fanwe_admin` VALUES (1,'admin','8e296a067a37563370ded05f5a3bf3ec',1,0,4,1431290904,'127.0.0.1');
/*!40000 ALTER TABLE `fanwe_admin` ENABLE KEYS */;
UNLOCK TABLES;

--
-- Table structure for table `fanwe_adv`
--

DROP TABLE IF EXISTS `fanwe_adv`;
/*!40101 SET @saved_cs_client     = @@character_set_client */;
/*!40101 SET character_set_client = utf8 */;
CREATE TABLE `fanwe_adv` (
  `id` int(11) NOT NULL AUTO_INCREMENT,
  `tmpl` varchar(255) NOT NULL,
  `adv_id` varchar(255) NOT NULL,
  `code` text NOT NULL,
  `is_effect` tinyint(1) NOT NULL,
  `name` varchar(255) NOT NULL,
  `rel_id` int(11) NOT NULL,
  `rel_table` varchar(255) NOT NULL,
  PRIMARY KEY (`id`),
  KEY `tmpl` (`tmpl`),
  KEY `adv_id` (`adv_id`),
  KEY `rel_id` (`rel_id`),
  KEY `rel_table` (`rel_table`)
) ENGINE=MyISAM DEFAULT CHARSET=utf8;
/*!40101 SET character_set_client = @saved_cs_client */;

--
-- Dumping data for table `fanwe_adv`
--

LOCK TABLES `fanwe_adv` WRITE;
/*!40000 ALTER TABLE `fanwe_adv` DISABLE KEYS */;
/*!40000 ALTER TABLE `fanwe_adv` ENABLE KEYS */;
UNLOCK TABLES;

--
-- Table structure for table `fanwe_api_login`
--

DROP TABLE IF EXISTS `fanwe_api_login`;
/*!40101 SET @saved_cs_client     = @@character_set_client */;
/*!40101 SET character_set_client = utf8 */;
CREATE TABLE `fanwe_api_login` (
  `id` int(11) NOT NULL AUTO_INCREMENT,
  `name` varchar(255) NOT NULL,
  `config` text NOT NULL,
  `class_name` varchar(255) NOT NULL,
  `icon` varchar(255) NOT NULL,
  `bicon` varchar(255) NOT NULL,
  `is_weibo` tinyint(1) NOT NULL,
  `dispname` varchar(255) NOT NULL,
  PRIMARY KEY (`id`)
) ENGINE=MyISAM AUTO_INCREMENT=15 DEFAULT CHARSET=utf8;
/*!40101 SET character_set_client = @saved_cs_client */;

--
-- Dumping data for table `fanwe_api_login`
--

LOCK TABLES `fanwe_api_login` WRITE;
/*!40000 ALTER TABLE `fanwe_api_login` DISABLE KEYS */;
INSERT INTO `fanwe_api_login` VALUES (13,'新浪api登录接口','a:3:{s:7:\"app_key\";s:0:\"\";s:10:\"app_secret\";s:0:\"\";s:7:\"app_url\";s:0:\"\";}','Sina','./public/attachment/201210/13/17/50792e5bbc901.gif','./public/attachment/201210/13/16/5079277a72c9d.gif',1,'新浪微博'),(14,'腾讯微博登录插件','a:3:{s:7:\"app_key\";s:0:\"\";s:10:\"app_secret\";s:0:\"\";s:7:\"app_url\";s:0:\"\";}','Tencent','./public/attachment/201211/06/11/509882825c183.png','./public/attachment/201211/06/11/50988287b1890.png',1,'腾讯微博');
/*!40000 ALTER TABLE `fanwe_api_login` ENABLE KEYS */;
UNLOCK TABLES;

--
-- Table structure for table `fanwe_auto_cache`
--

DROP TABLE IF EXISTS `fanwe_auto_cache`;
/*!40101 SET @saved_cs_client     = @@character_set_client */;
/*!40101 SET character_set_client = utf8 */;
CREATE TABLE `fanwe_auto_cache` (
  `cache_key` varchar(100) NOT NULL,
  `cache_type` varchar(100) NOT NULL,
  `cache_data` text NOT NULL,
  `cache_time` int(11) NOT NULL,
  PRIMARY KEY (`cache_key`,`cache_type`),
  KEY `cache_type` (`cache_type`),
  KEY `cache_key` (`cache_key`)
) ENGINE=MyISAM DEFAULT CHARSET=utf8;
/*!40101 SET character_set_client = @saved_cs_client */;

--
-- Dumping data for table `fanwe_auto_cache`
--

LOCK TABLES `fanwe_auto_cache` WRITE;
/*!40000 ALTER TABLE `fanwe_auto_cache` DISABLE KEYS */;
/*!40000 ALTER TABLE `fanwe_auto_cache` ENABLE KEYS */;
UNLOCK TABLES;

--
-- Table structure for table `fanwe_college`
--

DROP TABLE IF EXISTS `fanwe_college`;
/*!40101 SET @saved_cs_client     = @@character_set_client */;
/*!40101 SET character_set_client = utf8 */;
CREATE TABLE `fanwe_college` (
  `school_id` int(11) NOT NULL AUTO_INCREMENT,
  `school_name` varchar(100) NOT NULL,
  `school_type` int(11) NOT NULL DEFAULT '0',
  `area_id` varchar(8) DEFAULT NULL,
  `area_name` varchar(60) DEFAULT NULL,
  `display_order` int(11) NOT NULL DEFAULT '0',
  PRIMARY KEY (`school_id`)
) ENGINE=InnoDB AUTO_INCREMENT=2336 DEFAULT CHARSET=utf8;
/*!40101 SET character_set_client = @saved_cs_client */;

--
-- Dumping data for table `fanwe_college`
--

LOCK TABLES `fanwe_college` WRITE;
/*!40000 ALTER TABLE `fanwe_college` DISABLE KEYS */;
INSERT INTO `fanwe_college` VALUES (1,'北京大学',0,'11000000','北京市',0),(2,'中国人民大学',0,'11000000','北京市',0),(3,'清华大学',0,'11000000','北京市',0),(4,'北京交通大学',0,'11000000','北京市',0),(5,'北京科技大学',0,'11000000','北京市',0),(6,'北京化工大学',0,'11000000','北京市',0),(7,'北京邮电大学',0,'11000000','北京市',0),(8,'中国农业大学',0,'11000000','北京市',0),(9,'北京林业大学',0,'11000000','北京市',0),(10,'北京中医药大学',0,'11000000','北京市',0),(11,'北京师范大学',0,'11000000','北京市',0),(12,'北京外国语大学',0,'11000000','北京市',0),(13,'北京语言大学',0,'11000000','北京市',0),(14,'中国传媒大学',0,'11000000','北京市',0),(15,'中央财经大学',0,'11000000','北京市',0),(16,'对外经济贸易大学',0,'11000000','北京市',0),(17,'中国政法大学',0,'11000000','北京市',0),(18,'华北电力大学',0,'11000000','北京市',0),(19,'中国石油大学（北京）',0,'11000000','北京市',0),(20,'中国地质大学（北京）',0,'11000000','北京市',0),(21,'中国矿业大学（北京校区）',0,'11000000','北京市',0),(22,'中央民族大学',0,'11000000','北京市',0),(23,'中国人民公安大学',0,'11000000','北京市',0),(24,'北京协和医学院',0,'11000000','北京市',0),(25,'北京体育大学',0,'11000000','北京市',0),(26,'北京航空航天大学',0,'11000000','北京市',0),(27,'北京理工大学',0,'11000000','北京市',0),(28,'北京工商大学',0,'11000000','北京市',0),(29,'北京联合大学',0,'11000000','北京市',0),(30,'北京工业大学',0,'11000000','北京市',0),(31,'北方工业大学',0,'11000000','北京市',0),(32,'首都医科大学',0,'11000000','北京市',0),(33,'首都师范大学',0,'11000000','北京市',0),(34,'首都经济贸易大学',0,'11000000','北京市',0),(35,'国际关系学院',0,'11000000','北京市',0),(36,'中央戏剧学院',0,'11000000','北京市',0),(37,'中央美术学院',0,'11000000','北京市',0),(38,'中央音乐学院',0,'11000000','北京市',0),(39,'北京电子科技学院',0,'11000000','北京市',0),(40,'外交学院',0,'11000000','北京市',0),(41,'中国劳动关系学院',0,'11000000','北京市',0),(42,'中国青年政治学院',0,'11000000','北京市',0),(43,'中华女子学院',0,'11000000','北京市',0),(44,'北京服装学院',0,'11000000','北京市',0),(45,'北京建筑工程学院',0,'11000000','北京市',0),(46,'北京印刷学院',0,'11000000','北京市',0),(47,'北京信息科技大学',0,'11000000','北京市',0),(48,'北京石油化工学院',0,'11000000','北京市',0),(49,'首钢工学院',0,'11000000','北京市',0),(50,'北京农学院',0,'11000000','北京市',0),(51,'首都体育学院',0,'11000000','北京市',0),(52,'北京第二外国语学院',0,'11000000','北京市',0),(53,'北京物资学院',0,'11000000','北京市',0),(54,'中国音乐学院',0,'11000000','北京市',0),(55,'中国戏曲学院',0,'11000000','北京市',0),(56,'北京电影学院',0,'11000000','北京市',0),(57,'北京舞蹈学院',0,'11000000','北京市',0),(58,'北京城市学院',0,'11000000','北京市',0),(59,'北京青年政治学院',0,'11000000','北京市',0),(60,'北京科技经营管理学院',0,'11000000','北京市',0),(61,'北京工业职业技术学院',0,'11000000','北京市',0),(62,'北京电子科技职业学院',0,'11000000','北京市',0),(63,'北京信息职业技术学院',0,'11000000','北京市',0),(64,'北京戏曲艺术职业学院',0,'11000000','北京市',0),(65,'北京京北职业技术学院',0,'11000000','北京市',0),(66,'北京经贸职业学院',0,'11000000','北京市',0),(67,'北京经济管理职业学院',0,'11000000','北京市',0),(68,'北京劳动保障职业学院',0,'11000000','北京市',0),(69,'北京政法职业学院',0,'11000000','北京市',0),(70,'北京培黎职业学院',0,'11000000','北京市',0),(71,'北京北大方正软件职业技术学院',0,'11000000','北京市',0),(72,'北京农业职业学院',0,'11000000','北京市',0),(73,'北京汇佳职业学院',0,'11000000','北京市',0),(74,'北京交通职业技术学院',0,'11000000','北京市',0),(75,'北京财贸职业学院',0,'11000000','北京市',0),(76,'北京现代职业技术学院',0,'11000000','北京市',0),(77,'北京科技职业学院',0,'11000000','北京市',0),(78,'北京经济技术职业学院',0,'11000000','北京市',0),(79,'北京吉利大学',0,'11000000','北京市',0),(80,'北京社会管理职业学院',0,'11000000','北京市',0),(81,'首都师范大学科德学院',0,'11000000','北京市',0),(82,'北京工商大学嘉华学院',0,'11000000','北京市',0),(83,'北京邮电大学世纪学院',0,'11000000','北京市',0),(84,'北京工业大学耿丹学院',0,'11000000','北京市',0),(85,'北京科技大学延庆分校',0,'11000000','北京市',0),(86,'南开大学',0,'12000000','天津市',0),(87,'天津大学',0,'12000000','天津市',0),(88,'天津工业大学',0,'12000000','天津市',0),(89,'天津科技大学',0,'12000000','天津市',0),(90,'天津理工大学',0,'12000000','天津市',0),(91,'天津医科大学',0,'12000000','天津市',0),(92,'天津中医药大学',0,'12000000','天津市',0),(93,'天津师范大学',0,'12000000','天津市',0),(94,'天津财经大学',0,'12000000','天津市',0),(95,'中国民航大学',0,'12000000','天津市',0),(96,'天津商业大学',0,'12000000','天津市',0),(97,'天津城市建设学院',0,'12000000','天津市',0),(98,'天津农学院',0,'12000000','天津市',0),(99,'天津工程师范学院',0,'12000000','天津市',0),(100,'天津外国语学院',0,'12000000','天津市',0),(101,'天津体育学院',0,'12000000','天津市',0),(102,'天津音乐学院',0,'12000000','天津市',0),(103,'天津美术学院',0,'12000000','天津市',0),(104,'天津天狮学院',0,'12000000','天津市',0),(105,'天津职业大学',0,'12000000','天津市',0),(106,'天津医学高等专科学校',0,'12000000','天津市',0),(107,'天津滨海职业学院',0,'12000000','天津市',0),(108,'天津渤海职业技术学院',0,'12000000','天津市',0),(109,'天津公安警官职业学院',0,'12000000','天津市',0),(110,'天津现代职业技术学院',0,'12000000','天津市',0),(111,'天津工程职业技术学院',0,'12000000','天津市',0),(112,'天津电子信息职业技术学院',0,'12000000','天津市',0),(113,'天津机电职业技术学院',0,'12000000','天津市',0),(114,'天津轻工职业技术学院',0,'12000000','天津市',0),(115,'天津对外经济贸易职业学院',0,'12000000','天津市',0),(116,'天津青年职业学院',0,'12000000','天津市',0),(117,'天津中德职业技术学院',0,'12000000','天津市',0),(118,'天津石油职业技术学院',0,'12000000','天津市',0),(119,'天津冶金职业技术学院',0,'12000000','天津市',0),(120,'天津城市职业学院',0,'12000000','天津市',0),(121,'天津交通职业学院',0,'12000000','天津市',0),(122,'天津工艺美术职业学院',0,'12000000','天津市',0),(123,'天津艺术职业学院',0,'12000000','天津市',0),(124,'天津开发区职业技术学院',0,'12000000','天津市',0),(125,'天津铁道职业技术学院',0,'12000000','天津市',0),(126,'天津海运职业学院',0,'12000000','天津市',0),(127,'天津生物工程职业技术学院',0,'12000000','天津市',0),(128,'天津城市建设管理职业技术学院',0,'12000000','天津市',0),(129,'天津国土资源和房屋职业学院',0,'12000000','天津市',0),(130,'天津外国语学院滨海外事学院',0,'12000000','天津市',0),(131,'天津体育学院运动与文化艺术学院',0,'12000000','天津市',0),(132,'天津商业大学宝德学院',0,'12000000','天津市',0),(133,'天津医科大学临床医学院',0,'12000000','天津市',0),(134,'南开大学滨海学院',0,'12000000','天津市',0),(135,'天津师范大学津沽学院',0,'12000000','天津市',0),(136,'天津理工大学中环信息学院',0,'12000000','天津市',0),(137,'北京科技大学天津学院',0,'12000000','天津市',0),(138,'天津大学仁爱学院',0,'12000000','天津市',0),(139,'天津财经大学珠江学院',0,'12000000','天津市',0),(140,'天津市工会管理干部学院',0,'12000000','天津市',0),(141,'河北大学',0,'13000000','河北省',0),(142,'河北工业大学',0,'13000000','河北省',0),(143,'燕山大学',0,'13000000','河北省',0),(144,'河北理工大学',0,'13000000','河北省',0),(145,'河北科技大学',0,'13000000','河北省',0),(146,'河北工程大学',0,'13000000','河北省',0),(147,'河北农业大学',0,'13000000','河北省',0),(148,'河北医科大学',0,'13000000','河北省',0),(149,'河北师范大学',0,'13000000','河北省',0),(150,'河北经贸大学',0,'13000000','河北省',0),(151,'中国人民武装警察部队学院',0,'13000000','河北省',0),(152,'中央司法警官学院',0,'13000000','河北省',0),(153,'防灾科技学院',0,'13000000','河北省',0),(154,'华北科技学院',0,'13000000','河北省',0),(155,'石家庄铁道学院',0,'13000000','河北省',0),(156,'石家庄经济学院',0,'13000000','河北省',0),(157,'河北建筑工程学院',0,'13000000','河北省',0),(158,'北华航天工业学院',0,'13000000','河北省',0),(159,'华北煤炭医学院',0,'13000000','河北省',0),(160,'承德医学院',0,'13000000','河北省',0),(161,'邢台学院',0,'13000000','河北省',0),(162,'廊坊师范学院',0,'13000000','河北省',0),(163,'唐山师范学院',0,'13000000','河北省',0),(164,'河北科技师范学院',0,'13000000','河北省',0),(165,'河北金融学院',0,'13000000','河北省',0),(166,'河北传媒学院',0,'13000000','河北省',0),(167,'河北体育学院',0,'13000000','河北省',0),(168,'邯郸学院',0,'13000000','河北省',0),(169,'衡水学院',0,'13000000','河北省',0),(170,'石家庄学院',0,'13000000','河北省',0),(171,'唐山学院',0,'13000000','河北省',0),(172,'保定学院',0,'13000000','河北省',0),(173,'河北北方学院',0,'13000000','河北省',0),(174,'沧州医学高等专科学校',0,'13000000','河北省',0),(175,'承德石油高等专科学校',0,'13000000','河北省',0),(176,'河北工程技术高等专科学校',0,'13000000','河北省',0),(177,'石家庄医学高等专科学校',0,'13000000','河北省',0),(178,'邢台医学高等专科学校',0,'13000000','河北省',0),(179,'承德民族师范高等专科学校',0,'13000000','河北省',0),(180,'沧州师范专科学校',0,'13000000','河北省',0),(181,'河北化工医药职业技术学院',0,'13000000','河北省',0),(182,'河北工业职业技术学院',0,'13000000','河北省',0),(183,'沧州职业技术学院',0,'13000000','河北省',0),(184,'石家庄铁路职业技术学院',0,'13000000','河北省',0),(185,'张家口职业技术学院',0,'13000000','河北省',0),(186,'邢台职业技术学院',0,'13000000','河北省',0),(187,'河北能源职业技术学院',0,'13000000','河北省',0),(188,'保定职业技术学院',0,'13000000','河北省',0),(189,'石家庄职业技术学院',0,'13000000','河北省',0),(190,'邯郸职业技术学院',0,'13000000','河北省',0),(191,'河北机电职业技术学院',0,'13000000','河北省',0),(192,'石家庄外经贸职业学院',0,'13000000','河北省',0),(193,'河北司法警官职业学院',0,'13000000','河北省',0),(194,'河北交通职业技术学院',0,'13000000','河北省',0),(195,'河北建材职业技术学院',0,'13000000','河北省',0),(196,'唐山科技职业技术学院',0,'13000000','河北省',0),(197,'廊坊职业技术学院',0,'13000000','河北省',0),(198,'保定电力职业技术学院',0,'13000000','河北省',0),(199,'石家庄信息工程职业学院',0,'13000000','河北省',0),(200,'石家庄邮电职业技术学院',0,'13000000','河北省',0),(201,'石家庄东方美术职业学院',0,'13000000','河北省',0),(202,'河北公安警察职业学院',0,'13000000','河北省',0),(203,'石家庄联合技术职业学院',0,'13000000','河北省',0),(204,'石家庄计算机职业学院',0,'13000000','河北省',0),(205,'河北软件职业技术学院',0,'13000000','河北省',0),(206,'石家庄外事职业学院',0,'13000000','河北省',0),(207,'石家庄外语翻译职业学院',0,'13000000','河北省',0),(208,'石家庄工商职业学院',0,'13000000','河北省',0),(209,'唐山职业技术学院',0,'13000000','河北省',0),(210,'石家庄外国语职业学院',0,'13000000','河北省',0),(211,'秦皇岛职业技术学院',0,'13000000','河北省',0),(212,'秦皇岛外国语职业学院',0,'13000000','河北省',0),(213,'唐山工业职业技术学院',0,'13000000','河北省',0),(214,'石家庄法商职业学院',0,'13000000','河北省',0),(215,'河北省艺术职业学院',0,'13000000','河北省',0),(216,'河北石油职业技术学院',0,'13000000','河北省',0),(217,'河北通信职业技术学院',0,'13000000','河北省',0),(218,'河北女子职业技术学院',0,'13000000','河北省',0),(219,'渤海石油职业学院',0,'13000000','河北省',0),(220,'石家庄科技信息职业学院',0,'13000000','河北省',0),(221,'河北政法职业学院',0,'13000000','河北省',0),(222,'衡水职业技术学院',0,'13000000','河北省',0),(223,'河北旅游职业学院',0,'13000000','河北省',0),(224,'冀中职业学院',0,'13000000','河北省',0),(225,'保定科技职业学院',0,'13000000','河北省',0),(226,'石家庄科技工程职业学院',0,'13000000','河北省',0),(227,'河北大学工商学院',0,'13000000','河北省',0),(228,'河北理工大学轻工学院',0,'13000000','河北省',0),(229,'河北科技大学理工学院',0,'13000000','河北省',0),(230,'华北电力大学科技学院',0,'13000000','河北省',0),(231,'河北工程大学科信学院',0,'13000000','河北省',0),(232,'河北工业大学城市学院',0,'13000000','河北省',0),(233,'燕山大学里仁学院',0,'13000000','河北省',0),(234,'石家庄铁道学院四方学院',0,'13000000','河北省',0),(235,'河北农业大学现代科技学院',0,'13000000','河北省',0),(236,'河北医科大学临床学院',0,'13000000','河北省',0),(237,'华北煤炭医学院冀唐学院',0,'13000000','河北省',0),(238,'河北师范大学汇华学院',0,'13000000','河北省',0),(239,'河北经贸大学经济管理学院',0,'13000000','河北省',0),(240,'石家庄经济学院华信学院',0,'13000000','河北省',0),(241,'中国地质大学长城学院',0,'13000000','河北省',0),(242,'北京化工大学北方学院',0,'13000000','河北省',0),(243,'北京中医药大学东方学院',0,'13000000','河北省',0),(244,'张家口教育学院',0,'13000000','河北省',0),(245,'石家庄职工大学',0,'13000000','河北省',0),(246,'中国环境管理干部学院',0,'13000000','河北省',0),(247,'河北管理干部学院',0,'13000000','河北省',0),(248,'河北青年管理干部学院',0,'13000000','河北省',0),(249,'河北地质职工大学',0,'13000000','河北省',0),(250,'山西大学',0,'14000000','山西省',0),(251,'太原理工大学',0,'14000000','山西省',0),(252,'中北大学',0,'14000000','山西省',0),(253,'太原科技大学',0,'14000000','山西省',0),(254,'山西农业大学',0,'14000000','山西省',0),(255,'山西医科大学',0,'14000000','山西省',0),(256,'山西师范大学',0,'14000000','山西省',0),(257,'山西财经大学',0,'14000000','山西省',0),(258,'山西大同大学',0,'14000000','山西省',0),(259,'太原工业学院',0,'14000000','山西省',0),(260,'山西中医学院',0,'14000000','山西省',0),(261,'长治医学院',0,'14000000','山西省',0),(262,'运城学院',0,'14000000','山西省',0),(263,'太原师范学院',0,'14000000','山西省',0),(264,'长治学院',0,'14000000','山西省',0),(265,'晋中学院',0,'14000000','山西省',0),(266,'忻州师范学院',0,'14000000','山西省',0),(267,'太原电力高等专科学校',0,'14000000','山西省',0),(268,'吕梁高等专科学校',0,'14000000','山西省',0),(269,'运城幼儿师范高等专科学校',0,'14000000','山西省',0),(270,'山西省财政税务专科学校',0,'14000000','山西省',0),(271,'山西警官高等专科学校',0,'14000000','山西省',0),(272,'太原大学',0,'14000000','山西省',0),(273,'山西华澳商贸职业学院',0,'14000000','山西省',0),(274,'山西生物应用职业技术学院',0,'14000000','山西省',0),(275,'北岳职业技术学院',0,'14000000','山西省',0),(276,'晋城职业技术学院',0,'14000000','山西省',0),(277,'山西工程职业技术学院',0,'14000000','山西省',0),(278,'山西建筑职业技术学院',0,'14000000','山西省',0),(279,'山西兴华职业学院',0,'14000000','山西省',0),(280,'山西同文外语职业学院',0,'14000000','山西省',0),(281,'山西工商职业学院',0,'14000000','山西省',0),(282,'山西交通职业技术学院',0,'14000000','山西省',0),(283,'晋中职业技术学院',0,'14000000','山西省',0),(284,'山西运城农业职业技术学院',0,'14000000','山西省',0),(285,'太原旅游职业学院',0,'14000000','山西省',0),(286,'山西管理职业学院',0,'14000000','山西省',0),(287,'山西旅游职业学院',0,'14000000','山西省',0),(288,'潞安职业技术学院',0,'14000000','山西省',0),(289,'临汾职业技术学院',0,'14000000','山西省',0),(290,'山西金融职业学院',0,'14000000','山西省',0),(291,'山西体育职业学院',0,'14000000','山西省',0),(292,'山西警官职业学院',0,'14000000','山西省',0),(293,'山西国际商务职业学院',0,'14000000','山西省',0),(294,'山西机电职业技术学院',0,'14000000','山西省',0),(295,'山西戏剧职业学院',0,'14000000','山西省',0),(296,'山西财贸职业技术学院',0,'14000000','山西省',0),(297,'山西信息职业技术学院',0,'14000000','山西省',0),(298,'太原城市职业技术学院',0,'14000000','山西省',0),(299,'阳泉职业技术学院',0,'14000000','山西省',0),(300,'山西电力职业技术学院',0,'14000000','山西省',0),(301,'忻州职业技术学院',0,'14000000','山西省',0),(302,'山西林业职业技术学院',0,'14000000','山西省',0),(303,'山西综合职业技术学院',0,'14000000','山西省',0),(304,'山西水利职业技术学院',0,'14000000','山西省',0),(305,'长治职业技术学院',0,'14000000','山西省',0),(306,'山西艺术职业学院',0,'14000000','山西省',0),(307,'山西煤炭职业技术学院',0,'14000000','山西省',0),(308,'山西老区职业技术学院',0,'14000000','山西省',0),(309,'山西经贸职业学院',0,'14000000','山西省',0),(310,'朔州职业技术学院',0,'14000000','山西省',0),(311,'内蒙古自治区（27所）',0,'14000000','山西省',0),(312,'集宁师范高等专科学校',0,'14000000','山西省',0),(313,'内蒙古民族高等专科学校',0,'14000000','山西省',0),(314,'内蒙古丰州职业学院',0,'14000000','山西省',0),(315,'内蒙古建筑职业技术学院',0,'14000000','山西省',0),(316,'包头职业技术学院',0,'14000000','山西省',0),(317,'河套大学',0,'14000000','山西省',0),(318,'包头钢铁职业技术学院',0,'14000000','山西省',0),(319,'兴安职业技术学院',0,'14000000','山西省',0),(320,'内蒙古警察职业学院',0,'14000000','山西省',0),(321,'内蒙古体育职业学院',0,'14000000','山西省',0),(322,'内蒙古北方职业技术学院',0,'14000000','山西省',0),(323,'锡林郭勒职业学院',0,'14000000','山西省',0),(324,'内蒙古交通职业技术学院',0,'14000000','山西省',0),(325,'包头轻工职业技术学院',0,'14000000','山西省',0),(326,'呼和浩特职业学院',0,'14000000','山西省',0),(327,'科尔沁艺术职业学院',0,'14000000','山西省',0),(328,'通辽职业学院',0,'14000000','山西省',0),(329,'内蒙古电子信息职业技术学院',0,'14000000','山西省',0),(330,'乌兰察布职业学院',0,'14000000','山西省',0),(331,'乌海职业技术学院',0,'14000000','山西省',0),(332,'内蒙古科技职业学院',0,'14000000','山西省',0),(333,'赤峰职业技术学院',0,'14000000','山西省',0),(334,'内蒙古机电职业技术学院',0,'14000000','山西省',0),(335,'内蒙古经贸外语职业学院',0,'14000000','山西省',0),(336,'内蒙古化工职业学院',0,'14000000','山西省',0),(337,'内蒙古商贸职业学院',0,'14000000','山西省',0),(338,'包头铁道职业技术学院',0,'14000000','山西省',0),(339,'太原理工大学现代科技学院',0,'14000000','山西省',0),(340,'中北大学信息商务学院',0,'14000000','山西省',0),(341,'太原科技大学华科学院',0,'14000000','山西省',0),(342,'山西农业大学信息学院',0,'14000000','山西省',0),(343,'山西医科大学晋祠学院',0,'14000000','山西省',0),(344,'山西师范大学现代文理学院',0,'14000000','山西省',0),(345,'山西大学商务学院',0,'14000000','山西省',0),(346,'山西财经大学华商学院',0,'14000000','山西省',0),(347,'广播电影电视管理干部学院',0,'14000000','山西省',0),(348,'山西职工医学院',0,'14000000','山西省',0),(349,'山西煤炭职工联合大学',0,'14000000','山西省',0),(350,'山西煤炭管理干部学院',0,'14000000','山西省',0),(351,'山西青年管理干部学院',0,'14000000','山西省',0),(352,'山西政法管理干部学院',0,'14000000','山西省',0),(353,'内蒙古大学',0,'15000000','内蒙古',0),(354,'内蒙古科技大学',0,'15000000','内蒙古',0),(355,'内蒙古民族大学',0,'15000000','内蒙古',0),(356,'内蒙古工业大学',0,'15000000','内蒙古',0),(357,'内蒙古农业大学',0,'15000000','内蒙古',0),(358,'内蒙古师范大学',0,'15000000','内蒙古',0),(359,'内蒙古医学院',0,'15000000','内蒙古',0),(360,'赤峰学院',0,'15000000','内蒙古',0),(361,'呼伦贝尔学院',0,'15000000','内蒙古',0),(362,'内蒙古财经学院',0,'15000000','内蒙古',0),(363,'大连理工大学',0,'21000000','辽宁省',0),(364,'东北大学',0,'21000000','辽宁省',0),(365,'大连海事大学',0,'21000000','辽宁省',0),(366,'辽宁大学',0,'21000000','辽宁省',0),(367,'大连大学',0,'21000000','辽宁省',0),(368,'沈阳大学',0,'21000000','辽宁省',0),(369,'沈阳理工大学',0,'21000000','辽宁省',0),(370,'辽宁工程技术大学',0,'21000000','辽宁省',0),(371,'沈阳工业大学',0,'21000000','辽宁省',0),(372,'沈阳建筑大学',0,'21000000','辽宁省',0),(373,'辽宁石油化工大学',0,'21000000','辽宁省',0),(374,'大连交通大学',0,'21000000','辽宁省',0),(375,'辽宁科技大学',0,'21000000','辽宁省',0),(376,'沈阳农业大学',0,'21000000','辽宁省',0),(377,'中国医科大学',0,'21000000','辽宁省',0),(378,'大连医科大学',0,'21000000','辽宁省',0),(379,'辽宁中医药大学',0,'21000000','辽宁省',0),(380,'沈阳药科大学',0,'21000000','辽宁省',0),(381,'辽宁师范大学',0,'21000000','辽宁省',0),(382,'沈阳师范大学',0,'21000000','辽宁省',0),(383,'渤海大学',0,'21000000','辽宁省',0),(384,'东北财经大学',0,'21000000','辽宁省',0),(385,'大连民族学院',0,'21000000','辽宁省',0),(386,'中国刑事警察学院',0,'21000000','辽宁省',0),(387,'沈阳化工学院',0,'21000000','辽宁省',0),(388,'辽宁工业大学',0,'21000000','辽宁省',0),(389,'大连工业大学',0,'21000000','辽宁省',0),(390,'沈阳航空工业学院',0,'21000000','辽宁省',0),(391,'辽宁科技学院',0,'21000000','辽宁省',0),(392,'沈阳工程学院',0,'21000000','辽宁省',0),(393,'大连水产学院',0,'21000000','辽宁省',0),(394,'辽宁医学院',0,'21000000','辽宁省',0),(395,'沈阳医学院',0,'21000000','辽宁省',0),(396,'鞍山师范学院',0,'21000000','辽宁省',0),(397,'大连外国语学院',0,'21000000','辽宁省',0),(398,'沈阳体育学院',0,'21000000','辽宁省',0),(399,'鲁迅美术学院',0,'21000000','辽宁省',0),(400,'沈阳音乐学院',0,'21000000','辽宁省',0),(401,'辽东学院',0,'21000000','辽宁省',0),(402,'辽宁对外经贸学院',0,'21000000','辽宁省',0),(403,'辽宁交通高等专科学校',0,'21000000','辽宁省',0),(404,'抚顺师范高等专科学校',0,'21000000','辽宁省',0),(405,'锦州师范高等专科学校',0,'21000000','辽宁省',0),(406,'铁岭师范高等专科学校',0,'21000000','辽宁省',0),(407,'朝阳师范高等专科学校',0,'21000000','辽宁省',0),(408,'辽宁警官高等专科学校',0,'21000000','辽宁省',0),(409,'阜新高等专科学校',0,'21000000','辽宁省',0),(410,'渤海船舶职业学院',0,'21000000','辽宁省',0),(411,'抚顺职业技术学院',0,'21000000','辽宁省',0),(412,'大连职业技术学院',0,'21000000','辽宁省',0),(413,'营口职业技术学院',0,'21000000','辽宁省',0),(414,'辽宁农业职业技术学院',0,'21000000','辽宁省',0),(415,'大连商务职业学院',0,'21000000','辽宁省',0),(416,'盘锦职业技术学院',0,'21000000','辽宁省',0),(417,'辽阳职业技术学院',0,'21000000','辽宁省',0),(418,'辽宁经济职业技术学院',0,'21000000','辽宁省',0),(419,'辽宁广告职业学院',0,'21000000','辽宁省',0),(420,'锦州商务职业学院',0,'21000000','辽宁省',0),(421,'沈阳职业技术学院',0,'21000000','辽宁省',0),(422,'大连东软信息技术职业学院',0,'21000000','辽宁省',0),(423,'大连艺术职业学院',0,'21000000','辽宁省',0),(424,'辽宁机电职业技术学院',0,'21000000','辽宁省',0),(425,'沈阳航空职业技术学院',0,'21000000','辽宁省',0),(426,'辽宁信息职业技术学院',0,'21000000','辽宁省',0),(427,'辽宁装备制造职业技术学院',0,'21000000','辽宁省',0),(428,'辽宁石化职业技术学院',0,'21000000','辽宁省',0),(429,'辽宁林业职业技术学院',0,'21000000','辽宁省',0),(430,'辽宁体育运动职业技术学院',0,'21000000','辽宁省',0),(431,'辽宁美术职业学院',0,'21000000','辽宁省',0),(432,'辽河石油职业技术学院',0,'21000000','辽宁省',0),(433,'大连软件职业学院',0,'21000000','辽宁省',0),(434,'大连翻译职业学院',0,'21000000','辽宁省',0),(435,'辽宁商贸职业学院',0,'21000000','辽宁省',0),(436,'大连枫叶职业技术学院',0,'21000000','辽宁省',0),(437,'辽宁金融职业学院',0,'21000000','辽宁省',0),(438,'辽宁职业学院',0,'21000000','辽宁省',0),(439,'辽宁地质工程职业学院',0,'21000000','辽宁省',0),(440,'辽宁铁道职业技术学院',0,'21000000','辽宁省',0),(441,'辽宁建筑职业技术学院',0,'21000000','辽宁省',0),(442,'渤海大学文理学院',0,'21000000','辽宁省',0),(443,'沈阳大学科技工程学院',0,'21000000','辽宁省',0),(444,'大连理工大学城市学院',0,'21000000','辽宁省',0),(445,'沈阳工业大学工程学院',0,'21000000','辽宁省',0),(446,'沈阳航空工业学院北方科技学院',0,'21000000','辽宁省',0),(447,'沈阳理工大学应用技术学院',0,'21000000','辽宁省',0),(448,'大连工业大学艺术与信息工程学院',0,'21000000','辽宁省',0),(449,'大连交通大学信息工程学院',0,'21000000','辽宁省',0),(450,'沈阳建筑大学城市建设学院',0,'21000000','辽宁省',0),(451,'辽宁科技大学信息技术学院',0,'21000000','辽宁省',0),(452,'辽宁石油化工大学顺华能源学院',0,'21000000','辽宁省',0),(453,'沈阳化工学院科亚学院',0,'21000000','辽宁省',0),(454,'东北大学东软信息学院',0,'21000000','辽宁省',0),(455,'沈阳农业大学科学技术学院',0,'21000000','辽宁省',0),(456,'中国医科大学临床医药学院',0,'21000000','辽宁省',0),(457,'大连医科大学中山学院',0,'21000000','辽宁省',0),(458,'辽宁医学院医疗学院',0,'21000000','辽宁省',0),(459,'辽宁中医药大学杏林学院',0,'21000000','辽宁省',0),(460,'沈阳医学院何氏视觉科学学院',0,'21000000','辽宁省',0),(461,'辽宁师范大学海华学院',0,'21000000','辽宁省',0),(462,'东北财经大学津桥商学院',0,'21000000','辽宁省',0),(463,'东北大学大连艺术学院',0,'21000000','辽宁省',0),(464,'沈阳师范大学渤海学院',0,'21000000','辽宁省',0),(465,'辽宁文化艺术职工大学',0,'21000000','辽宁省',0),(466,'辽宁公安司法管理干部学院',0,'21000000','辽宁省',0),(467,'吉林大学',0,'22000000','吉林省',0),(468,'东北师范大学',0,'22000000','吉林省',0),(469,'延边大学',0,'22000000','吉林省',0),(470,'北华大学',0,'22000000','吉林省',0),(471,'长春大学',0,'22000000','吉林省',0),(472,'长春理工大学',0,'22000000','吉林省',0),(473,'长春工业大学',0,'22000000','吉林省',0),(474,'吉林农业大学',0,'22000000','吉林省',0),(475,'长春中医药大学',0,'22000000','吉林省',0),(476,'吉林师范大学',0,'22000000','吉林省',0),(477,'东北电力大学',0,'22000000','吉林省',0),(478,'吉林化工学院',0,'22000000','吉林省',0),(479,'吉林建筑工程学院',0,'22000000','吉林省',0),(480,'长春工程学院',0,'22000000','吉林省',0),(481,'吉林农业科技学院',0,'22000000','吉林省',0),(482,'吉林医药学院',0,'22000000','吉林省',0),(483,'长春师范学院',0,'22000000','吉林省',0),(484,'白城师范学院',0,'22000000','吉林省',0),(485,'通化师范学院',0,'22000000','吉林省',0),(486,'吉林工程技术师范学院',0,'22000000','吉林省',0),(487,'吉林华桥外国语学院',0,'22000000','吉林省',0),(488,'长春税务学院',0,'22000000','吉林省',0),(489,'吉林工商学院',0,'22000000','吉林省',0),(490,'吉林体育学院',0,'22000000','吉林省',0),(491,'吉林艺术学院',0,'22000000','吉林省',0),(492,'白城医学高等专科学校',0,'22000000','吉林省',0),(493,'长春汽车工业高等专科学校',0,'22000000','吉林省',0),(494,'长春医学高等专科学校',0,'22000000','吉林省',0),(495,'长春金融高等专科学校',0,'22000000','吉林省',0),(496,'吉林公安高等专科学校',0,'22000000','吉林省',0),(497,'长春东方职业学院',0,'22000000','吉林省',0),(498,'辽源职业技术学院',0,'22000000','吉林省',0),(499,'吉林交通职业技术学院',0,'22000000','吉林省',0),(500,'吉林电子信息职业技术学院',0,'22000000','吉林省',0),(501,'长春职业技术学院',0,'22000000','吉林省',0),(502,'吉林司法警官职业学院',0,'22000000','吉林省',0),(503,'吉林农业工程职业技术学院',0,'22000000','吉林省',0),(504,'吉林工业职业技术学院',0,'22000000','吉林省',0),(505,'松原职业技术学院',0,'22000000','吉林省',0),(506,'长春信息技术职业学院',0,'22000000','吉林省',0),(507,'吉林铁道职业技术学院',0,'22000000','吉林省',0),(508,'白城职业技术学院',0,'22000000','吉林省',0),(509,'长白山职业技术学院',0,'22000000','吉林省',0),(510,'长春大学光华学院',0,'22000000','吉林省',0),(511,'长春大学旅游学院',0,'22000000','吉林省',0),(512,'东北师范大学人文学院',0,'22000000','吉林省',0),(513,'长春工业大学人文信息学院',0,'22000000','吉林省',0),(514,'长春理工大学光电信息学院',0,'22000000','吉林省',0),(515,'吉林建筑工程学院城建学院',0,'22000000','吉林省',0),(516,'吉林建筑工程学院建筑装饰学院',0,'22000000','吉林省',0),(517,'吉林农业大学发展学院',0,'22000000','吉林省',0),(518,'吉林师范大学博达学院',0,'22000000','吉林省',0),(519,'长春税务学院信息经济学院',0,'22000000','吉林省',0),(520,'吉林艺术学院动画学院',0,'22000000','吉林省',0),(521,'吉林省教育学院',0,'22000000','吉林省',0),(522,'吉林省经济管理干部学院',0,'22000000','吉林省',0),(523,'东北林业大学',0,'23000000','黑龙江省',0),(524,'哈尔滨工业大学',0,'23000000','黑龙江省',0),(525,'哈尔滨工程大学',0,'23000000','黑龙江省',0),(526,'黑龙江大学',0,'23000000','黑龙江省',0),(527,'佳木斯大学',0,'23000000','黑龙江省',0),(528,'齐齐哈尔大学',0,'23000000','黑龙江省',0),(529,'哈尔滨理工大学',0,'23000000','黑龙江省',0),(530,'东北农业大学',0,'23000000','黑龙江省',0),(531,'黑龙江八一农垦大学',0,'23000000','黑龙江省',0),(532,'哈尔滨医科大学',0,'23000000','黑龙江省',0),(533,'黑龙江中医药大学',0,'23000000','黑龙江省',0),(534,'哈尔滨师范大学',0,'23000000','黑龙江省',0),(535,'哈尔滨商业大学',0,'23000000','黑龙江省',0),(536,'大庆石油学院',0,'23000000','黑龙江省',0),(537,'黑龙江工程学院',0,'23000000','黑龙江省',0),(538,'黑龙江科技学院',0,'23000000','黑龙江省',0),(539,'哈尔滨学院',0,'23000000','黑龙江省',0),(540,'齐齐哈尔医学院',0,'23000000','黑龙江省',0),(541,'牡丹江医学院',0,'23000000','黑龙江省',0),(542,'大庆师范学院',0,'23000000','黑龙江省',0),(543,'牡丹江师范学院',0,'23000000','黑龙江省',0),(544,'哈尔滨体育学院',0,'23000000','黑龙江省',0),(545,'黑龙江东方学院',0,'23000000','黑龙江省',0),(546,'绥化学院',0,'23000000','黑龙江省',0),(547,'黑河学院',0,'23000000','黑龙江省',0),(548,'大庆医学高等专科学校',0,'23000000','黑龙江省',0),(549,'齐齐哈尔高等师范专科学校',0,'23000000','黑龙江省',0),(550,'鹤岗师范高等专科学校',0,'23000000','黑龙江省',0),(551,'哈尔滨金融高等专科学校',0,'23000000','黑龙江省',0),(552,'黑龙江幼儿师范高等专科学校',0,'23000000','黑龙江省',0),(553,'黑龙江畜牧兽医职业学院',0,'23000000','黑龙江省',0),(554,'黑龙江农垦职业学院',0,'23000000','黑龙江省',0),(555,'黑龙江建筑职业技术学院',0,'23000000','黑龙江省',0),(556,'伊春职业学院',0,'23000000','黑龙江省',0),(557,'黑龙江林业职业技术学院',0,'23000000','黑龙江省',0),(558,'齐齐哈尔职业学院',0,'23000000','黑龙江省',0),(559,'大庆职业学院',0,'23000000','黑龙江省',0),(560,'牡丹江大学',0,'23000000','黑龙江省',0),(561,'鸡西大学',0,'23000000','黑龙江省',0),(562,'黑龙江农业工程职业学院',0,'23000000','黑龙江省',0),(563,'黑龙江司法警官职业学院',0,'23000000','黑龙江省',0),(564,'黑龙江农业职业技术学院',0,'23000000','黑龙江省',0),(565,'黑龙江生物科技职业学院',0,'23000000','黑龙江省',0),(566,'黑龙江民族职业学院',0,'23000000','黑龙江省',0),(567,'七台河职业学院',0,'23000000','黑龙江省',0),(568,'黑龙江工商职业技术学院',0,'23000000','黑龙江省',0),(569,'黑龙江信息技术职业学院',0,'23000000','黑龙江省',0),(570,'黑龙江北开职业技术学院',0,'23000000','黑龙江省',0),(571,'黑龙江农垦林业职业技术学院',0,'23000000','黑龙江省',0),(572,'哈尔滨华夏计算机职业技术学院',0,'23000000','黑龙江省',0),(573,'黑龙江公安警官职业学院',0,'23000000','黑龙江省',0),(574,'黑龙江农垦农业职业技术学院',0,'23000000','黑龙江省',0),(575,'哈尔滨铁道职业技术学院',0,'23000000','黑龙江省',0),(576,'黑龙江农业经济职业学院',0,'23000000','黑龙江省',0),(577,'黑龙江三江美术职业学院',0,'23000000','黑龙江省',0),(578,'黑龙江艺术职业学院',0,'23000000','黑龙江省',0),(579,'黑龙江商业职业学院',0,'23000000','黑龙江省',0),(580,'哈尔滨现代公共关系职业学院',0,'23000000','黑龙江省',0),(581,'大兴安岭职业学院',0,'23000000','黑龙江省',0),(582,'哈尔滨电力职业技术学院',0,'23000000','黑龙江省',0),(583,'哈尔滨职业技术学院',0,'23000000','黑龙江省',0),(584,'黑龙江旅游职业技术学院',0,'23000000','黑龙江省',0),(585,'黑龙江煤炭职业技术学院',0,'23000000','黑龙江省',0),(586,'黑龙江生态工程职业学院',0,'23000000','黑龙江省',0),(587,'黑龙江交通职业技术学院',0,'23000000','黑龙江省',0),(588,'哈尔滨应用职业技术学院',0,'23000000','黑龙江省',0),(589,'哈尔滨科学技术职业学院',0,'23000000','黑龙江省',0),(590,'黑龙江粮食职业学院',0,'23000000','黑龙江省',0),(591,'佳木斯职业学院',0,'23000000','黑龙江省',0),(592,'哈尔滨师范大学恒星学院',0,'23000000','黑龙江省',0),(593,'哈尔滨商业大学德强商务学院',0,'23000000','黑龙江省',0),(594,'大庆石油学院华瑞学院',0,'23000000','黑龙江省',0),(595,'东北农业大学成栋学院',0,'23000000','黑龙江省',0),(596,'哈尔滨理工大学远东学院',0,'23000000','黑龙江省',0),(597,'黑龙江大学剑桥学院',0,'23000000','黑龙江省',0),(598,'哈尔滨商业大学广厦学院',0,'23000000','黑龙江省',0),(599,'哈尔滨工业大学华德应用技术学院',0,'23000000','黑龙江省',0),(600,'黑龙江工程学院昆仑旅游学院',0,'23000000','黑龙江省',0),(601,'鹤岗矿务局职工大学',0,'23000000','黑龙江省',0),(602,'哈尔滨市职工医学院',0,'23000000','黑龙江省',0),(603,'黑龙江省农垦管理干部学院',0,'23000000','黑龙江省',0),(604,'黑龙江省政法管理干部学院',0,'23000000','黑龙江省',0),(605,'黑龙江省教育学院',0,'23000000','黑龙江省',0),(606,'佳木斯市教育学院',0,'23000000','黑龙江省',0),(607,'复旦大学',0,'31000000','上海市',0),(608,'同济大学',0,'31000000','上海市',0),(609,'上海交通大学',0,'31000000','上海市',0),(610,'华东理工大学',0,'31000000','上海市',0),(611,'东华大学',0,'31000000','上海市',0),(612,'华东师范大学',0,'31000000','上海市',0),(613,'上海外国语大学',0,'31000000','上海市',0),(614,'上海财经大学',0,'31000000','上海市',0),(615,'上海大学',0,'31000000','上海市',0),(616,'上海理工大学',0,'31000000','上海市',0),(617,'上海海事大学',0,'31000000','上海市',0),(618,'上海工程技术大学',0,'31000000','上海市',0),(619,'上海海洋大学',0,'31000000','上海市',0),(620,'上海中医药大学',0,'31000000','上海市',0),(621,'上海师范大学',0,'31000000','上海市',0),(622,'华东政法大学',0,'31000000','上海市',0),(623,'上海海关学院',0,'31000000','上海市',0),(624,'上海建桥学院',0,'31000000','上海市',0),(625,'上海政法学院',0,'31000000','上海市',0),(626,'上海电机学院',0,'31000000','上海市',0),(627,'上海第二工业大学',0,'31000000','上海市',0),(628,'上海应用技术学院',0,'31000000','上海市',0),(629,'上海电力学院',0,'31000000','上海市',0),(630,'上海对外贸易学院',0,'31000000','上海市',0),(631,'上海金融学院',0,'31000000','上海市',0),(632,'上海立信会计学院',0,'31000000','上海市',0),(633,'上海体育学院',0,'31000000','上海市',0),(634,'上海音乐学院',0,'31000000','上海市',0),(635,'上海戏剧学院',0,'31000000','上海市',0),(636,'上海商学院',0,'31000000','上海市',0),(637,'上海杉达学院',0,'31000000','上海市',0),(638,'上海医疗器械高等专科学校',0,'31000000','上海市',0),(639,'上海出版印刷高等专科学校',0,'31000000','上海市',0),(640,'上海医药高等专科学校',0,'31000000','上海市',0),(641,'上海旅游高等专科学校',0,'31000000','上海市',0),(642,'上海公安高等专科学校',0,'31000000','上海市',0),(643,'上海电影艺术职业学院',0,'31000000','上海市',0),(644,'上海东海职业技术学院',0,'31000000','上海市',0),(645,'上海新侨职业技术学院',0,'31000000','上海市',0),(646,'上海工艺美术职业学院',0,'31000000','上海市',0),(647,'上海震旦职业学院',0,'31000000','上海市',0),(648,'上海城市管理职业技术学院',0,'31000000','上海市',0),(649,'上海托普信息技术职业学院',0,'31000000','上海市',0),(650,'上海农林职业技术学院',0,'31000000','上海市',0),(651,'上海中侨职业技术学院',0,'31000000','上海市',0),(652,'上海思博职业技术学院',0,'31000000','上海市',0),(653,'上海民远职业技术学院',0,'31000000','上海市',0),(654,'上海欧华职业技术学院',0,'31000000','上海市',0),(655,'上海邦德职业技术学院',0,'31000000','上海市',0),(656,'上海中华职业技术学院',0,'31000000','上海市',0),(657,'上海工会管理职业学院',0,'31000000','上海市',0),(658,'上海建峰职业技术学院',0,'31000000','上海市',0),(659,'上海电子信息职业技术学院',0,'31000000','上海市',0),(660,'上海行健职业学院',0,'31000000','上海市',0),(661,'上海体育职业学院',0,'31000000','上海市',0),(662,'上海济光职业技术学院',0,'31000000','上海市',0),(663,'上海交通职业技术学院',0,'31000000','上海市',0),(664,'上海工商外国语职业学院',0,'31000000','上海市',0),(665,'上海海事职业技术学院',0,'31000000','上海市',0),(666,'上海科学技术职业学院',0,'31000000','上海市',0),(667,'上海立达职业技术学院',0,'31000000','上海市',0),(668,'上海外国语大学贤达经济人文学院',0,'31000000','上海市',0),(669,'复旦大学上海视觉艺术学院',0,'31000000','上海市',0),(670,'上海师范大学天华学院',0,'31000000','上海市',0),(671,'同济大学同科学院',0,'31000000','上海市',0),(672,'南京大学',0,'32000000','江苏省',0),(673,'东南大学',0,'32000000','江苏省',0),(674,'中国矿业大学',0,'32000000','江苏省',0),(675,'河海大学',0,'32000000','江苏省',0),(676,'江南大学',0,'32000000','江苏省',0),(677,'南京农业大学',0,'32000000','江苏省',0),(678,'中国药科大学',0,'32000000','江苏省',0),(679,'南京理工大学',0,'32000000','江苏省',0),(680,'南京航空航天大学',0,'32000000','江苏省',0),(681,'苏州大学',0,'32000000','江苏省',0),(682,'扬州大学',0,'32000000','江苏省',0),(683,'江苏大学',0,'32000000','江苏省',0),(684,'江苏科技大学',0,'32000000','江苏省',0),(685,'南京邮电大学',0,'32000000','江苏省',0),(686,'南京工业大学',0,'32000000','江苏省',0),(687,'南京林业大学',0,'32000000','江苏省',0),(688,'南京医科大学',0,'32000000','江苏省',0),(689,'南京中医药大学',0,'32000000','江苏省',0),(690,'南京师范大学',0,'32000000','江苏省',0),(691,'江苏师范大学',0,'32000000','江苏省',0),(692,'南京财经大学',0,'32000000','江苏省',0),(693,'南通大学',0,'32000000','江苏省',0),(694,'南京信息工程大学',0,'32000000','江苏省',0),(695,'西交利物浦大学',0,'32000000','江苏省',0),(696,'徐州工程学院',0,'32000000','江苏省',0),(697,'江苏工业学院',0,'32000000','江苏省',0),(698,'淮阴工学院',0,'32000000','江苏省',0),(699,'常州工学院',0,'32000000','江苏省',0),(700,'南京工程学院',0,'32000000','江苏省',0),(701,'金陵科技学院',0,'32000000','江苏省',0),(702,'淮海工学院',0,'32000000','江苏省',0),(703,'盐城工学院',0,'32000000','江苏省',0),(704,'徐州医学院',0,'32000000','江苏省',0),(705,'盐城师范学院',0,'32000000','江苏省',0),(706,'南京晓庄学院',0,'32000000','江苏省',0),(707,'淮阴师范学院',0,'32000000','江苏省',0),(708,'苏州科技学院',0,'32000000','江苏省',0),(709,'江苏技术师范学院',0,'32000000','江苏省',0),(710,'南京审计学院',0,'32000000','江苏省',0),(711,'江苏警官学院',0,'32000000','江苏省',0),(712,'南京体育学院',0,'32000000','江苏省',0),(713,'南京艺术学院',0,'32000000','江苏省',0),(714,'三江学院',0,'32000000','江苏省',0),(715,'常熟理工学院',0,'32000000','江苏省',0),(716,'南京森林公安高等专科学校',0,'32000000','江苏省',0),(717,'连云港师范高等专科学校',0,'32000000','江苏省',0),(718,'泰州师范高等专科学校',0,'32000000','江苏省',0),(719,'镇江市高等专科学校',0,'32000000','江苏省',0),(720,'江苏畜牧兽医职业技术学院',0,'32000000','江苏省',0),(721,'连云港职业技术学院',0,'32000000','江苏省',0),(722,'南通纺织职业技术学院',0,'32000000','江苏省',0),(723,'南通航运职业技术学院',0,'32000000','江苏省',0),(724,'苏州工艺美术职业技术学院',0,'32000000','江苏省',0),(725,'南京工业职业技术学院',0,'32000000','江苏省',0),(726,'无锡商业职业技术学院',0,'32000000','江苏省',0),(727,'扬州市职业大学',0,'32000000','江苏省',0),(728,'徐州建筑职业技术学院',0,'32000000','江苏省',0),(729,'无锡职业技术学院',0,'32000000','江苏省',0),(730,'民办明达职业技术学院',0,'32000000','江苏省',0),(731,'南通职业大学',0,'32000000','江苏省',0),(732,'苏州职业大学',0,'32000000','江苏省',0),(733,'沙洲职业工学院',0,'32000000','江苏省',0),(734,'泰州职业技术学院',0,'32000000','江苏省',0),(735,'南通农业职业技术学院',0,'32000000','江苏省',0),(736,'无锡科技职业学院',0,'32000000','江苏省',0),(737,'九州职业技术学院',0,'32000000','江苏省',0),(738,'苏州托普信息职业技术学院',0,'32000000','江苏省',0),(739,'南京化工职业技术学院',0,'32000000','江苏省',0),(740,'南京铁道职业技术学院',0,'32000000','江苏省',0),(741,'江阴职业技术学院',0,'32000000','江苏省',0),(742,'紫琅职业技术学院',0,'32000000','江苏省',0),(743,'宿迁职业技术学院',0,'32000000','江苏省',0),(744,'金肯职业技术学院',0,'32000000','江苏省',0),(745,'建东职业技术学院',0,'32000000','江苏省',0),(746,'南京信息职业技术学院',0,'32000000','江苏省',0),(747,'江苏经贸职业技术学院',0,'32000000','江苏省',0),(748,'应天职业技术学院',0,'32000000','江苏省',0),(749,'硅湖职业技术学院',0,'32000000','江苏省',0),(750,'淮安信息职业技术学院',0,'32000000','江苏省',0),(751,'无锡南洋职业技术学院',0,'32000000','江苏省',0),(752,'钟山职业技术学院',0,'32000000','江苏省',0),(753,'南京交通职业技术学院',0,'32000000','江苏省',0),(754,'江南影视艺术职业学院',0,'32000000','江苏省',0),(755,'常州信息职业技术学院',0,'32000000','江苏省',0),(756,'常州纺织服装职业技术学院',0,'32000000','江苏省',0),(757,'江苏联合职业技术学院',0,'32000000','江苏省',0),(758,'炎黄职业技术学院',0,'32000000','江苏省',0),(759,'苏州农业职业技术学院',0,'32000000','江苏省',0),(760,'苏州工业园区职业技术学院',0,'32000000','江苏省',0),(761,'无锡工艺职业技术学院',0,'32000000','江苏省',0),(762,'江苏食品职业技术学院',0,'32000000','江苏省',0),(763,'徐州工业职业技术学院',0,'32000000','江苏省',0),(764,'常州机电职业技术学院',0,'32000000','江苏省',0),(765,'常州轻工职业技术学院',0,'32000000','江苏省',0),(766,'江苏信息职业技术学院',0,'32000000','江苏省',0),(767,'南京机电职业技术学院',0,'32000000','江苏省',0),(768,'南京特殊教育职业技术学院',0,'32000000','江苏省',0),(769,'江苏海事职业技术学院',0,'32000000','江苏省',0),(770,'江苏农林职业技术学院',0,'32000000','江苏省',0),(771,'无锡城市职业技术学院',0,'32000000','江苏省',0),(772,'扬州环境资源职业技术学院',0,'32000000','江苏省',0),(773,'健雄职业技术学院',0,'32000000','江苏省',0),(774,'江苏财经职业技术学院',0,'32000000','江苏省',0),(775,'金山职业技术学院',0,'32000000','江苏省',0),(776,'苏州工业职业技术学院',0,'32000000','江苏省',0),(777,'苏州港大思培科技职业学院',0,'32000000','江苏省',0),(778,'昆山登云科技职业学院',0,'32000000','江苏省',0),(779,'南京视觉艺术职业学院',0,'32000000','江苏省',0),(780,'盐城纺织职业技术学院',0,'32000000','江苏省',0),(781,'常州工程职业技术学院',0,'32000000','江苏省',0),(782,'江海职业技术学院',0,'32000000','江苏省',0),(783,'正德职业技术学院',0,'32000000','江苏省',0),(784,'苏州经贸职业技术学院',0,'32000000','江苏省',0),(785,'扬州工业职业技术学院',0,'32000000','江苏省',0),(786,'江苏城市职业学院',0,'32000000','江苏省',0),(787,'苏州卫生职业技术学院',0,'32000000','江苏省',0),(788,'盐城卫生职业技术学院',0,'32000000','江苏省',0),(789,'太湖创意职业技术学院',0,'32000000','江苏省',0),(790,'苏州高博软件技术职业学院',0,'32000000','江苏省',0),(791,'南京旅游职业学院',0,'32000000','江苏省',0),(792,'东南大学成贤学院',0,'32000000','江苏省',0),(793,'江南大学太湖学院',0,'32000000','江苏省',0),(794,'南京大学金陵学院',0,'32000000','江苏省',0),(795,'中国矿业大学徐海学院',0,'32000000','江苏省',0),(796,'南京理工大学紫金学院',0,'32000000','江苏省',0),(797,'南京航空航天大学金城学院',0,'32000000','江苏省',0),(798,'南京理工大学泰州科技学院',0,'32000000','江苏省',0),(799,'南京师范大学泰州学院',0,'32000000','江苏省',0),(800,'中国传媒大学南广学院',0,'32000000','江苏省',0),(801,'南京医科大学康达学院',0,'32000000','江苏省',0),(802,'南京中医药大学翰林学院',0,'32000000','江苏省',0),(803,'南京信息工程大学滨江学院',0,'32000000','江苏省',0),(804,'苏州大学文正学院',0,'32000000','江苏省',0),(805,'苏州大学应用技术学院',0,'32000000','江苏省',0),(806,'苏州科技学院天平学院',0,'32000000','江苏省',0),(807,'江苏大学京江学院',0,'32000000','江苏省',0),(808,'扬州大学广陵学院',0,'32000000','江苏省',0),(809,'徐州师范大学科文学院',0,'32000000','江苏省',0),(810,'南京邮电大学通达学院',0,'32000000','江苏省',0),(811,'南京财经大学红山学院',0,'32000000','江苏省',0),(812,'江苏科技大学南徐学院',0,'32000000','江苏省',0),(813,'江苏工业学院怀德学院',0,'32000000','江苏省',0),(814,'南通大学杏林学院',0,'32000000','江苏省',0),(815,'南京工业大学浦江学院',0,'32000000','江苏省',0),(816,'南京师范大学中北学院',0,'32000000','江苏省',0),(817,'南京审计学院金审学院',0,'32000000','江苏省',0),(818,'江苏教育学院',0,'32000000','江苏省',0),(819,'南京人口管理干部学院',0,'32000000','江苏省',0),(820,'江苏省青年管理干部学院',0,'32000000','江苏省',0),(821,'江苏省省级机关管理干部学院',0,'32000000','江苏省',0),(822,'江苏职工医科大学',0,'32000000','江苏省',0),(823,'浙江大学',0,'33000000','浙江省',0),(824,'宁波大学',0,'33000000','浙江省',0),(825,'浙江工业大学',0,'33000000','浙江省',0),(826,'杭州电子科技大学',0,'33000000','浙江省',0),(827,'浙江理工大学',0,'33000000','浙江省',0),(828,'浙江中医药大学',0,'33000000','浙江省',0),(829,'浙江师范大学',0,'33000000','浙江省',0),(830,'杭州师范大学',0,'33000000','浙江省',0),(831,'浙江工商大学',0,'33000000','浙江省',0),(832,'嘉兴学院',0,'33000000','浙江省',0),(833,'中国计量学院',0,'33000000','浙江省',0),(834,'浙江科技学院',0,'33000000','浙江省',0),(835,'宁波工程学院',0,'33000000','浙江省',0),(836,'浙江海洋学院',0,'33000000','浙江省',0),(837,'浙江林学院',0,'33000000','浙江省',0),(838,'温州医学院',0,'33000000','浙江省',0),(839,'湖州师范学院',0,'33000000','浙江省',0),(840,'台州学院',0,'33000000','浙江省',0),(841,'绍兴文理学院',0,'33000000','浙江省',0),(842,'浙江传媒学院',0,'33000000','浙江省',0),(843,'浙江财经学院',0,'33000000','浙江省',0),(844,'浙江警察学院',0,'33000000','浙江省',0),(845,'中国美术学院',0,'33000000','浙江省',0),(846,'丽水学院',0,'33000000','浙江省',0),(847,'温州大学',0,'33000000','浙江省',0),(848,'浙江树人学院',0,'33000000','浙江省',0),(849,'浙江万里学院',0,'33000000','浙江省',0),(850,'宁波诺丁汉大学',0,'33000000','浙江省',0),(851,'宁波大红鹰学院',0,'33000000','浙江省',0),(852,'浙江越秀外国语学院',0,'33000000','浙江省',0),(853,'公安海警高等专科学校',0,'33000000','浙江省',0),(854,'浙江水利水电专科学校',0,'33000000','浙江省',0),(855,'浙江医药高等专科学校',0,'33000000','浙江省',0),(856,'浙江医学高等专科学校',0,'33000000','浙江省',0),(857,'浙江交通职业技术学院',0,'33000000','浙江省',0),(858,'温州职业技术学院',0,'33000000','浙江省',0),(859,'宁波职业技术学院',0,'33000000','浙江省',0),(860,'金华职业技术学院',0,'33000000','浙江省',0),(861,'浙江国际海运职业技术学院',0,'33000000','浙江省',0),(862,'浙江长征职业技术学院',0,'33000000','浙江省',0),(863,'嘉兴南洋职业技术学院',0,'33000000','浙江省',0),(864,'浙江艺术职业学院',0,'33000000','浙江省',0),(865,'浙江经贸职业技术学院',0,'33000000','浙江省',0),(866,'浙江建设职业技术学院',0,'33000000','浙江省',0),(867,'浙江警官职业学院',0,'33000000','浙江省',0),(868,'浙江金融职业学院',0,'33000000','浙江省',0),(869,'浙江机电职业技术学院',0,'33000000','浙江省',0),(870,'浙江旅游职业学院',0,'33000000','浙江省',0),(871,'浙江工业职业技术学院',0,'33000000','浙江省',0),(872,'浙江广厦建设职业技术学院',0,'33000000','浙江省',0),(873,'浙江商业职业技术学院',0,'33000000','浙江省',0),(874,'宁波城市职业技术学院',0,'33000000','浙江省',0),(875,'浙江经济职业技术学院',0,'33000000','浙江省',0),(876,'杭州职业技术学院',0,'33000000','浙江省',0),(877,'浙江工商职业技术学院',0,'33000000','浙江省',0),(878,'浙江东方职业技术学院',0,'33000000','浙江省',0),(879,'台州职业技术学院',0,'33000000','浙江省',0),(880,'丽水职业技术学院',0,'33000000','浙江省',0),(881,'湖州职业技术学院',0,'33000000','浙江省',0),(882,'嘉兴职业技术学院',0,'33000000','浙江省',0),(883,'义乌工商职业技术学院',0,'33000000','浙江省',0),(884,'浙江纺织服装职业技术学院',0,'33000000','浙江省',0),(885,'杭州万向职业技术学院',0,'33000000','浙江省',0),(886,'衢州职业技术学院',0,'33000000','浙江省',0),(887,'绍兴托普信息职业技术学院',0,'33000000','浙江省',0),(888,'浙江育英职业技术学院',0,'33000000','浙江省',0),(889,'宁波天一职业技术学院',0,'33000000','浙江省',0),(890,'浙江工贸职业技术学院',0,'33000000','浙江省',0),(891,'浙江同济科技职业学院',0,'33000000','浙江省',0),(892,'浙江邮电职业技术学院',0,'33000000','浙江省',0),(893,'浙江体育职业技术学院',0,'33000000','浙江省',0),(894,'浙江电力职业技术学院',0,'33000000','浙江省',0),(895,'台州科技职业学院',0,'33000000','浙江省',0),(896,'温州科技职业学院',0,'33000000','浙江省',0),(897,'浙江师范大学行知学院',0,'33000000','浙江省',0),(898,'宁波大学科学技术学院',0,'33000000','浙江省',0),(899,'浙江大学城市学院',0,'33000000','浙江省',0),(900,'浙江大学宁波理工学院',0,'33000000','浙江省',0),(901,'浙江工业大学之江学院',0,'33000000','浙江省',0),(902,'杭州电子科技大学信息工程学院',0,'33000000','浙江省',0),(903,'浙江理工大学科技与艺术学院',0,'33000000','浙江省',0),(904,'中国计量学院现代科技学院',0,'33000000','浙江省',0),(905,'浙江海洋学院东海科学技术学院',0,'33000000','浙江省',0),(906,'浙江林学院天目学院',0,'33000000','浙江省',0),(907,'温州医学院仁济学院',0,'33000000','浙江省',0),(908,'浙江中医药大学滨江学院',0,'33000000','浙江省',0),(909,'杭州师范大学钱江学院',0,'33000000','浙江省',0),(910,'湖州师范学院求真学院',0,'33000000','浙江省',0),(911,'绍兴文理学院元培学院',0,'33000000','浙江省',0),(912,'温州大学瓯江学院',0,'33000000','浙江省',0),(913,'浙江工商大学杭州商学院',0,'33000000','浙江省',0),(914,'嘉兴学院南湖学院',0,'33000000','浙江省',0),(915,'浙江财经学院东方学院',0,'33000000','浙江省',0),(916,'温州大学城市学院',0,'33000000','浙江省',0),(917,'浙江工业大学浙西分校',0,'33000000','浙江省',0),(918,'浙江教育学院',0,'33000000','浙江省',0),(919,'宁波教育学院',0,'33000000','浙江省',0),(920,'合肥工业大学',0,'34000000','安徽省',0),(921,'中国科学技术大学',0,'34000000','安徽省',0),(922,'安徽大学',0,'34000000','安徽省',0),(923,'安徽理工大学',0,'34000000','安徽省',0),(924,'安徽工业大学',0,'34000000','安徽省',0),(925,'安徽农业大学',0,'34000000','安徽省',0),(926,'安徽医科大学',0,'34000000','安徽省',0),(927,'安徽师范大学',0,'34000000','安徽省',0),(928,'安徽财经大学',0,'34000000','安徽省',0),(929,'安徽建筑工业学院',0,'34000000','安徽省',0),(930,'安徽工程科技学院',0,'34000000','安徽省',0),(931,'安徽中医学院',0,'34000000','安徽省',0),(932,'皖南医学院',0,'34000000','安徽省',0),(933,'蚌埠医学院',0,'34000000','安徽省',0),(934,'淮北煤炭师范学院',0,'34000000','安徽省',0),(935,'安庆师范学院',0,'34000000','安徽省',0),(936,'安徽科技学院',0,'34000000','安徽省',0),(937,'阜阳师范学院',0,'34000000','安徽省',0),(938,'淮南师范学院',0,'34000000','安徽省',0),(939,'合肥师范学院',0,'34000000','安徽省',0),(940,'宿州学院',0,'34000000','安徽省',0),(941,'皖西学院',0,'34000000','安徽省',0),(942,'巢湖学院',0,'34000000','安徽省',0),(943,'滁州学院',0,'34000000','安徽省',0),(944,'铜陵学院',0,'34000000','安徽省',0),(945,'池州学院',0,'34000000','安徽省',0),(946,'合肥学院',0,'34000000','安徽省',0),(947,'安徽新华学院',0,'34000000','安徽省',0),(948,'黄山学院',0,'34000000','安徽省',0),(949,'蚌埠学院',0,'34000000','安徽省',0),(950,'安徽三联学院',0,'34000000','安徽省',0),(951,'马鞍山师范高等专科学校',0,'34000000','安徽省',0),(952,'安徽中医药高等专科学校',0,'34000000','安徽省',0),(953,'安庆医药高等专科学校',0,'34000000','安徽省',0),(954,'安徽医学高等专科学校',0,'34000000','安徽省',0),(955,'亳州师范高等专科学校',0,'34000000','安徽省',0),(956,'淮北职业技术学院',0,'34000000','安徽省',0),(957,'安徽商贸职业技术学院',0,'34000000','安徽省',0),(958,'淮南职业技术学院',0,'34000000','安徽省',0),(959,'安徽水利水电职业技术学院',0,'34000000','安徽省',0),(960,'芜湖职业技术学院',0,'34000000','安徽省',0),(961,'淮南联合大学',0,'34000000','安徽省',0),(962,'安徽警官职业学院',0,'34000000','安徽省',0),(963,'安徽职业技术学院',0,'34000000','安徽省',0),(964,'民办万博科技职业学院',0,'34000000','安徽省',0),(965,'铜陵职业技术学院',0,'34000000','安徽省',0),(966,'安徽城市管理职业学院',0,'34000000','安徽省',0),(967,'安徽工业职业技术学院',0,'34000000','安徽省',0),(968,'安徽工商职业学院',0,'34000000','安徽省',0),(969,'安徽邮电职业技术学院',0,'34000000','安徽省',0),(970,'宿州职业技术学院',0,'34000000','安徽省',0),(971,'六安职业技术学院',0,'34000000','安徽省',0),(972,'安徽艺术职业学院',0,'34000000','安徽省',0),(973,'合肥通用职业技术学院',0,'34000000','安徽省',0),(974,'安徽国防科技职业学院',0,'34000000','安徽省',0),(975,'安徽林业职业技术学院',0,'34000000','安徽省',0),(976,'安徽新闻出版职业技术学院',0,'34000000','安徽省',0),(977,'民办安徽文达信息技术职业学院',0,'34000000','安徽省',0),(978,'安徽财贸职业学院',0,'34000000','安徽省',0),(979,'安徽电气工程职业技术学院',0,'34000000','安徽省',0),(980,'安庆职业技术学院',0,'34000000','安徽省',0),(981,'安徽公安职业学院',0,'34000000','安徽省',0),(982,'滁州职业技术学院',0,'34000000','安徽省',0),(983,'池州职业技术学院',0,'34000000','安徽省',0),(984,'民办安徽明星科技职业学院',0,'34000000','安徽省',0),(985,'安徽广播影视职业技术学院',0,'34000000','安徽省',0),(986,'芜湖信息技术职业学院',0,'34000000','安徽省',0),(987,'安徽工贸职业技术学院',0,'34000000','安徽省',0),(988,'安徽国际商务职业学院',0,'34000000','安徽省',0),(989,'马鞍山职业技术学院',0,'34000000','安徽省',0),(990,'徽商职业学院',0,'34000000','安徽省',0),(991,'民办安徽旅游职业学院',0,'34000000','安徽省',0),(992,'安徽冶金科技职业学院',0,'34000000','安徽省',0),(993,'阜阳职业技术学院',0,'34000000','安徽省',0),(994,'安徽机电职业技术学院',0,'34000000','安徽省',0),(995,'安徽工业经济职业技术学院',0,'34000000','安徽省',0),(996,'安徽交通职业技术学院',0,'34000000','安徽省',0),(997,'安徽电子信息职业技术学院',0,'34000000','安徽省',0),(998,'民办合肥经济技术职业学院',0,'34000000','安徽省',0),(999,'安徽体育运动职业技术学院',0,'34000000','安徽省',0),(1000,'安徽审计职业学院',0,'34000000','安徽省',0),(1001,'民办合肥财经职业学院',0,'34000000','安徽省',0),(1002,'阜阳科技职业学院',0,'34000000','安徽省',0),(1003,'亳州职业技术学院',0,'34000000','安徽省',0),(1004,'安徽中澳科技职业学院',0,'34000000','安徽省',0),(1005,'巢湖职业技术学院',0,'34000000','安徽省',0),(1006,'宣城职业技术学院',0,'34000000','安徽省',0),(1007,'民办安徽外国语职业技术学院',0,'34000000','安徽省',0),(1008,'合肥共达职业技术学院',0,'34000000','安徽省',0),(1009,'蚌埠经济技术职业学院',0,'34000000','安徽省',0),(1010,'安徽绿海商务职业学院',0,'34000000','安徽省',0),(1011,'安徽涉外经济职业学院',0,'34000000','安徽省',0),(1012,'安徽大学江淮学院',0,'34000000','安徽省',0),(1013,'安徽农业大学经济技术学院',0,'34000000','安徽省',0),(1014,'阜阳师范学院信息工程学院',0,'34000000','安徽省',0),(1015,'安徽工程科技学院机电学院',0,'34000000','安徽省',0),(1016,'安徽工业大学工商学院',0,'34000000','安徽省',0),(1017,'安徽建筑工业学院城市建设学院',0,'34000000','安徽省',0),(1018,'安徽医科大学临床医学院',0,'34000000','安徽省',0),(1019,'安徽师范大学皖江学院',0,'34000000','安徽省',0),(1020,'淮北煤炭师范学院信息学院',0,'34000000','安徽省',0),(1021,'安徽财经大学商学院',0,'34000000','安徽省',0),(1022,'安徽经济管理干部学院',0,'34000000','安徽省',0),(1023,'厦门大学',0,'35000000','福建省',0),(1024,'华侨大学',0,'35000000','福建省',0),(1025,'福建农林大学',0,'35000000','福建省',0),(1026,'集美大学',0,'35000000','福建省',0),(1027,'福州大学',0,'35000000','福建省',0),(1028,'仰恩大学',0,'35000000','福建省',0),(1029,'福建医科大学',0,'35000000','福建省',0),(1030,'福建师范大学',0,'35000000','福建省',0),(1031,'厦门理工学院',0,'35000000','福建省',0),(1032,'福建工程学院',0,'35000000','福建省',0),(1033,'福建中医学院',0,'35000000','福建省',0),(1034,'漳州师范学院',0,'35000000','福建省',0),(1035,'泉州师范学院',0,'35000000','福建省',0),(1036,'福建警察学院',0,'35000000','福建省',0),(1037,'龙岩学院',0,'35000000','福建省',0),(1038,'三明学院',0,'35000000','福建省',0),(1039,'莆田学院',0,'35000000','福建省',0),(1040,'闽南理工学院',0,'35000000','福建省',0),(1041,'闽江学院',0,'35000000','福建省',0),(1042,'武夷学院',0,'35000000','福建省',0),(1043,'泉州医学高等专科学校',0,'35000000','福建省',0),(1044,'厦门医学高等专科学校',0,'35000000','福建省',0),(1045,'宁德师范高等专科学校',0,'35000000','福建省',0),(1046,'福建商业高等专科学校',0,'35000000','福建省',0),(1047,'厦门华夏职业学院',0,'35000000','福建省',0),(1048,'福州英华职业学院',0,'35000000','福建省',0),(1049,'泉州纺织服装职业学院',0,'35000000','福建省',0),(1050,'福建华南女子职业学院',0,'35000000','福建省',0),(1051,'黎明职业大学',0,'35000000','福建省',0),(1052,'福建交通职业技术学院',0,'35000000','福建省',0),(1053,'漳州职业技术学院',0,'35000000','福建省',0),(1054,'德化陶瓷职业技术学院',0,'35000000','福建省',0),(1055,'福州黎明职业技术学院',0,'35000000','福建省',0),(1056,'福州外语外贸职业技术学院',0,'35000000','福建省',0),(1057,'福州职业技术学院',0,'35000000','福建省',0),(1058,'泉州信息职业技术学院',0,'35000000','福建省',0),(1059,'厦门城市职业学院',0,'35000000','福建省',0),(1060,'福建警官职业学院',0,'35000000','福建省',0),(1061,'福建生物工程职业技术学院',0,'35000000','福建省',0),(1062,'福建艺术职业学院',0,'35000000','福建省',0),(1063,'福州海峡职业技术学院',0,'35000000','福建省',0),(1064,'福建体育职业技术学院',0,'35000000','福建省',0),(1065,'宁德职业技术学院',0,'35000000','福建省',0),(1066,'厦门华天涉外职业技术学院',0,'35000000','福建省',0),(1067,'厦门软件职业技术学院',0,'35000000','福建省',0),(1068,'厦门演艺职业学院',0,'35000000','福建省',0),(1069,'闽北职业技术学院',0,'35000000','福建省',0),(1070,'厦门兴才职业技术学院',0,'35000000','福建省',0),(1071,'福州科技职业技术学院',0,'35000000','福建省',0),(1072,'泉州经贸职业技术学院',0,'35000000','福建省',0),(1073,'福建对外经济贸易职业技术学院',0,'35000000','福建省',0),(1074,'闽西职业技术学院',0,'35000000','福建省',0),(1075,'福州软件职业技术学院',0,'35000000','福建省',0),(1076,'泉州华光摄影艺术职业学院',0,'35000000','福建省',0),(1077,'三明职业技术学院',0,'35000000','福建省',0),(1078,'福建金融职业技术学院',0,'35000000','福建省',0),(1079,'湄洲湾职业技术学院',0,'35000000','福建省',0),(1080,'福建农业职业技术学院',0,'35000000','福建省',0),(1081,'厦门海洋职业技术学院',0,'35000000','福建省',0),(1082,'福建信息职业技术学院',0,'35000000','福建省',0),(1083,'福建水利电力职业技术学院',0,'35000000','福建省',0),(1084,'福建电力职业技术学院',0,'35000000','福建省',0),(1085,'福建林业职业技术学院',0,'35000000','福建省',0),(1086,'漳州天福茶职业技术学院',0,'35000000','福建省',0),(1087,'武夷山职业学院',0,'35000000','福建省',0),(1088,'泉州理工职业学院',0,'35000000','福建省',0),(1089,'漳州卫生职业学院',0,'35000000','福建省',0),(1090,'漳州吉马印刷职业技术学院',0,'35000000','福建省',0),(1091,'漳州城市职业学院',0,'35000000','福建省',0),(1092,'福建卫生职业技术学院',0,'35000000','福建省',0),(1093,'厦门南洋职业学院',0,'35000000','福建省',0),(1094,'厦门东海职业技术学院',0,'35000000','福建省',0),(1095,'厦门大学嘉庚学院',0,'35000000','福建省',0),(1096,'集美大学诚毅学院',0,'35000000','福建省',0),(1097,'福建师范大学协和学院',0,'35000000','福建省',0),(1098,'福建师范大学闽南科技学院',0,'35000000','福建省',0),(1099,'福建农林大学东方学院',0,'35000000','福建省',0),(1100,'福州大学阳光学院',0,'35000000','福建省',0),(1101,'福州大学至诚学院',0,'35000000','福建省',0),(1102,'福建农林大学金山学院',0,'35000000','福建省',0),(1103,'福建教育学院',0,'35000000','福建省',0),(1104,'福州教育学院',0,'35000000','福建省',0),(1105,'福建经济管理干部学院',0,'35000000','福建省',0),(1106,'福建财会管理干部学院',0,'35000000','福建省',0),(1107,'福建政法管理干部学院',0,'35000000','福建省',0),(1108,'南昌大学',0,'36000000','江西省',0),(1109,'江西理工大学',0,'36000000','江西省',0),(1110,'东华理工大学',0,'36000000','江西省',0),(1111,'华东交通大学',0,'36000000','江西省',0),(1112,'南昌航空大学',0,'36000000','江西省',0),(1113,'江西农业大学',0,'36000000','江西省',0),(1114,'江西师范大学',0,'36000000','江西省',0),(1115,'江西财经大学',0,'36000000','江西省',0),(1116,'井冈山大学',0,'36000000','江西省',0),(1117,'景德镇陶瓷学院',0,'36000000','江西省',0),(1118,'南昌工程学院',0,'36000000','江西省',0),(1119,'南昌理工学院',0,'36000000','江西省',0),(1120,'江西中医学院',0,'36000000','江西省',0),(1121,'赣南医学院',0,'36000000','江西省',0),(1122,'上饶师范学院',0,'36000000','江西省',0),(1123,'赣南师范学院',0,'36000000','江西省',0),(1124,'江西科技师范学院',0,'36000000','江西省',0),(1125,'宜春学院',0,'36000000','江西省',0),(1126,'九江学院',0,'36000000','江西省',0),(1127,'江西蓝天学院',0,'36000000','江西省',0),(1128,'南昌师范高等专科学校',0,'36000000','江西省',0),(1129,'江西中医药高等专科学校',0,'36000000','江西省',0),(1130,'江西公安专科学校',0,'36000000','江西省',0),(1131,'新余高等专科学校',0,'36000000','江西省',0),(1132,'萍乡高等专科学校',0,'36000000','江西省',0),(1133,'景德镇高等专科学校',0,'36000000','江西省',0),(1134,'九江职业大学',0,'36000000','江西省',0),(1135,'江西泰豪动漫职业学院',0,'36000000','江西省',0),(1136,'江西枫林涉外经贸职业学院',0,'36000000','江西省',0),(1137,'江西中山职业技术学院',0,'36000000','江西省',0),(1138,'江西工业职业技术学院',0,'36000000','江西省',0),(1139,'九江职业技术学院',0,'36000000','江西省',0),(1140,'江西生物科技职业学院',0,'36000000','江西省',0),(1141,'江西服装职业技术学院',0,'36000000','江西省',0),(1142,'江西航空职业技术学院',0,'36000000','江西省',0),(1143,'江西赣江职业技术学院',0,'36000000','江西省',0),(1144,'江西科技职业学院',0,'36000000','江西省',0),(1145,'江西工程职业学院',0,'36000000','江西省',0),(1146,'江西制造职业技术学院',0,'36000000','江西省',0),(1147,'江西先锋软件职业技术学院',0,'36000000','江西省',0),(1148,'江西外语外贸职业学院',0,'36000000','江西省',0),(1149,'江西青年职业学院',0,'36000000','江西省',0),(1150,'宜春职业技术学院',0,'36000000','江西省',0),(1151,'江西应用工程职业学院',0,'36000000','江西省',0),(1152,'抚州职业技术学院',0,'36000000','江西省',0),(1153,'江西建设职业技术学院',0,'36000000','江西省',0),(1154,'江西经济管理职业学院',0,'36000000','江西省',0),(1155,'江西渝州科技职业学院',0,'36000000','江西省',0),(1156,'江西艺术职业学院',0,'36000000','江西省',0),(1157,'江西工业贸易职业技术学院',0,'36000000','江西省',0),(1158,'江西旅游商贸职业学院',0,'36000000','江西省',0),(1159,'江西交通职业技术学院',0,'36000000','江西省',0),(1160,'江西工业工程职业技术学院',0,'36000000','江西省',0),(1161,'江西信息应用职业技术学院',0,'36000000','江西省',0),(1162,'江西环境工程职业学院',0,'36000000','江西省',0),(1163,'上饶职业技术学院',0,'36000000','江西省',0),(1164,'江西机电职业技术学院',0,'36000000','江西省',0),(1165,'江西大宇职业技术学院',0,'36000000','江西省',0),(1166,'江西电力职业技术学院',0,'36000000','江西省',0),(1167,'江西城市职业学院',0,'36000000','江西省',0),(1168,'江西现代职业技术学院',0,'36000000','江西省',0),(1169,'江西农业工程职业学院',0,'36000000','江西省',0),(1170,'赣西科技职业学院',0,'36000000','江西省',0),(1171,'江西财经职业学院',0,'36000000','江西省',0),(1172,'江西应用技术职业学院',0,'36000000','江西省',0),(1173,'鹰潭职业技术学院',0,'36000000','江西省',0),(1174,'江西护理职业技术学院',0,'36000000','江西省',0),(1175,'江西司法警官职业学院',0,'36000000','江西省',0),(1176,'江西陶瓷工艺美术职业技术学院',0,'36000000','江西省',0),(1177,'南昌大学科学技术学院',0,'36000000','江西省',0),(1178,'南昌大学共青学院',0,'36000000','江西省',0),(1179,'江西师范大学科学技术学院',0,'36000000','江西省',0),(1180,'江西农业大学南昌商学院',0,'36000000','江西省',0),(1181,'江西财经大学现代经济管理学院',0,'36000000','江西省',0),(1182,'华东交通大学理工学院',0,'36000000','江西省',0),(1183,'江西理工大学应用科学学院',0,'36000000','江西省',0),(1184,'东华理工大学长江学院',0,'36000000','江西省',0),(1185,'南昌航空大学科技学院',0,'36000000','江西省',0),(1186,'景德镇陶瓷学院科技艺术学院',0,'36000000','江西省',0),(1187,'江西中医学院科技学院',0,'36000000','江西省',0),(1188,'赣南师范学院科技学院',0,'36000000','江西省',0),(1189,'江西科技师范学院理工学院',0,'36000000','江西省',0),(1190,'江西医学院上饶分院',0,'36000000','江西省',0),(1191,'新余钢铁有限责任公司职工大学',0,'36000000','江西省',0),(1192,'南昌钢铁有限责任公司职工大学',0,'36000000','江西省',0),(1193,'江西教育学院',0,'36000000','江西省',0),(1194,'南昌教育学院',0,'36000000','江西省',0),(1195,'赣南教育学院',0,'36000000','江西省',0),(1196,'江西行政管理干部学院',0,'36000000','江西省',0),(1197,'山东大学',0,'37000000','山东省',0),(1198,'中国海洋大学',0,'37000000','山东省',0),(1199,'中国石油大学（华东）',0,'37000000','山东省',0),(1200,'济南大学',0,'37000000','山东省',0),(1201,'聊城大学',0,'37000000','山东省',0),(1202,'鲁东大学',0,'37000000','山东省',0),(1203,'青岛大学',0,'37000000','山东省',0),(1204,'烟台大学',0,'37000000','山东省',0),(1205,'山东科技大学',0,'37000000','山东省',0),(1206,'青岛科技大学',0,'37000000','山东省',0),(1207,'青岛理工大学',0,'37000000','山东省',0),(1208,'山东建筑大学',0,'37000000','山东省',0),(1209,'山东理工大学',0,'37000000','山东省',0),(1210,'山东农业大学',0,'37000000','山东省',0),(1211,'青岛农业大学',0,'37000000','山东省',0),(1212,'山东中医药大学',0,'37000000','山东省',0),(1213,'山东师范大学',0,'37000000','山东省',0),(1214,'曲阜师范大学',0,'37000000','山东省',0),(1215,'山东轻工业学院',0,'37000000','山东省',0),(1216,'潍坊学院',0,'37000000','山东省',0),(1217,'山东交通学院',0,'37000000','山东省',0),(1218,'潍坊医学院',0,'37000000','山东省',0),(1219,'泰山医学院',0,'37000000','山东省',0),(1220,'滨州医学院',0,'37000000','山东省',0),(1221,'济宁医学院',0,'37000000','山东省',0),(1222,'临沂师范学院',0,'37000000','山东省',0),(1223,'德州学院',0,'37000000','山东省',0),(1224,'山东经济学院',0,'37000000','山东省',0),(1225,'山东财政学院',0,'37000000','山东省',0),(1226,'山东工商学院',0,'37000000','山东省',0),(1227,'山东警察学院',0,'37000000','山东省',0),(1228,'山东政法学院',0,'37000000','山东省',0),(1229,'山东体育学院',0,'37000000','山东省',0),(1230,'山东艺术学院',0,'37000000','山东省',0),(1231,'山东工艺美术学院',0,'37000000','山东省',0),(1232,'青岛滨海学院',0,'37000000','山东省',0),(1233,'烟台南山学院',0,'37000000','山东省',0),(1234,'滨州学院',0,'37000000','山东省',0),(1235,'枣庄学院',0,'37000000','山东省',0),(1236,'菏泽学院',0,'37000000','山东省',0),(1237,'泰山学院',0,'37000000','山东省',0),(1238,'济宁学院',0,'37000000','山东省',0),(1239,'山东万杰医学院',0,'37000000','山东省',0),(1240,'潍坊科技学院',0,'37000000','山东省',0),(1241,'山东英才学院',0,'37000000','山东省',0),(1242,'山东中医药高等专科学校',0,'37000000','山东省',0),(1243,'淄博师范高等专科学校',0,'37000000','山东省',0),(1244,'山东电力高等专科学校',0,'37000000','山东省',0),(1245,'山东医学高等专科学校',0,'37000000','山东省',0),(1246,'菏泽医学专科学校',0,'37000000','山东省',0),(1247,'山东畜牧兽医职业学院',0,'37000000','山东省',0),(1248,'曲阜远东职业技术学院',0,'37000000','山东省',0),(1249,'莱芜职业技术学院',0,'37000000','山东省',0),(1250,'青岛职业技术学院',0,'37000000','山东省',0),(1251,'聊城职业技术学院',0,'37000000','山东省',0),(1252,'山东劳动职业技术学院',0,'37000000','山东省',0),(1253,'日照职业技术学院',0,'37000000','山东省',0),(1254,'威海职业学院',0,'37000000','山东省',0),(1255,'山东商业职业技术学院',0,'37000000','山东省',0),(1256,'济宁职业技术学院',0,'37000000','山东省',0),(1257,'山东现代职业学院',0,'37000000','山东省',0),(1258,'淄博科技职业学院',0,'37000000','山东省',0),(1259,'青岛求实职业技术学院',0,'37000000','山东省',0),(1260,'山东协和职业技术学院',0,'37000000','山东省',0),(1261,'青岛黄海职业学院',0,'37000000','山东省',0),(1262,'山东外事翻译职业学院',0,'37000000','山东省',0),(1263,'山东华宇职业技术学院',0,'37000000','山东省',0),(1264,'山东力明科技职业学院',0,'37000000','山东省',0),(1265,'东营职业学院',0,'37000000','山东省',0),(1266,'潍坊职业学院',0,'37000000','山东省',0),(1267,'烟台职业学院',0,'37000000','山东省',0),(1268,'山东科技职业学院',0,'37000000','山东省',0),(1269,'滨州职业学院',0,'37000000','山东省',0),(1270,'青岛恒星职业技术学院',0,'37000000','山东省',0),(1271,'山东城市建设职业学院',0,'37000000','山东省',0),(1272,'烟台汽车工程职业学院',0,'37000000','山东省',0),(1273,'山东司法警官职业学院',0,'37000000','山东省',0),(1274,'山东服装职业学院',0,'37000000','山东省',0),(1275,'泰山职业技术学院',0,'37000000','山东省',0),(1276,'山东交通职业学院',0,'37000000','山东省',0),(1277,'淄博职业学院',0,'37000000','山东省',0),(1278,'青岛港湾职业技术学院',0,'37000000','山东省',0),(1279,'山东工业职业学院',0,'37000000','山东省',0),(1280,'济南铁道职业技术学院',0,'37000000','山东省',0),(1281,'山东信息职业技术学院',0,'37000000','山东省',0),(1282,'山东圣翰财贸职业学院',0,'37000000','山东省',0),(1283,'德州职业技术学院',0,'37000000','山东省',0),(1284,'烟台工程职业技术学院',0,'37000000','山东省',0),(1285,'枣庄职业学院',0,'37000000','山东省',0),(1286,'临沂职业学院',0,'37000000','山东省',0),(1287,'山东传媒职业学院',0,'37000000','山东省',0),(1288,'山东化工职业学院',0,'37000000','山东省',0),(1289,'山东商务职业学院',0,'37000000','山东省',0),(1290,'济南工程职业技术学院',0,'37000000','山东省',0),(1291,'山东杏林科技职业学院',0,'37000000','山东省',0),(1292,'山东旅游职业学院',0,'37000000','山东省',0),(1293,'山东经贸职业学院',0,'37000000','山东省',0),(1294,'德州科技职业学院',0,'37000000','山东省',0),(1295,'山东水利职业学院',0,'37000000','山东省',0),(1296,'济南职业学院',0,'37000000','山东省',0),(1297,'潍坊工商职业学院',0,'37000000','山东省',0),(1298,'山东大王职业学院',0,'37000000','山东省',0),(1299,'山东凯文科技职业学院',0,'37000000','山东省',0),(1300,'山东外国语职业学院',0,'37000000','山东省',0),(1301,'枣庄科技职业学院',0,'37000000','山东省',0),(1302,'青岛飞洋职业技术学院',0,'37000000','山东省',0),(1303,'山东药品食品职业学院',0,'37000000','山东省',0),(1304,'山东电子职业技术学院',0,'37000000','山东省',0),(1305,'山东丝绸纺织职业学院',0,'37000000','山东省',0),(1306,'山东外贸职业学院',0,'37000000','山东省',0),(1307,'山东铝业职业学院',0,'37000000','山东省',0),(1308,'青岛酒店管理职业技术学院',0,'37000000','山东省',0),(1309,'菏泽家政职业学院',0,'37000000','山东省',0),(1310,'山东胜利职业学院',0,'37000000','山东省',0),(1311,'青岛理工大学琴岛学院',0,'37000000','山东省',0),(1312,'烟台大学文经学院',0,'37000000','山东省',0),(1313,'中国石油大学胜利学院',0,'37000000','山东省',0),(1314,'山东科技大学泰山科技学院',0,'37000000','山东省',0),(1315,'青岛农业大学海都学院',0,'37000000','山东省',0),(1316,'山东经济学院燕山学院',0,'37000000','山东省',0),(1317,'山东财政学院东方学院',0,'37000000','山东省',0),(1318,'中国海洋大学青岛学院',0,'37000000','山东省',0),(1319,'济南大学泉城学院',0,'37000000','山东省',0),(1320,'曲阜师范大学杏坛学院',0,'37000000','山东省',0),(1321,'聊城大学东昌学院',0,'37000000','山东省',0),(1322,'山东师范大学历山学院',0,'37000000','山东省',0),(1323,'青岛远洋船员学院',0,'37000000','山东省',0),(1324,'山东省贸易职工大学',0,'37000000','山东省',0),(1325,'山东省水利职工大学',0,'37000000','山东省',0),(1326,'山东省经济管理干部学院',0,'37000000','山东省',0),(1327,'山东省农业管理干部学院',0,'37000000','山东省',0),(1328,'山东省青年管理干部学院',0,'37000000','山东省',0),(1329,'山东省工会管理干部学院',0,'37000000','山东省',0),(1330,'山东省教育学院',0,'37000000','山东省',0),(1331,'潍坊教育学院',0,'37000000','山东省',0),(1332,'山东省聊城教育学院',0,'37000000','山东省',0),(1333,'郑州大学',0,'41000000','河南省',0),(1334,'河南大学',0,'41000000','河南省',0),(1335,'河南科技大学',0,'41000000','河南省',0),(1336,'河南理工大学',0,'41000000','河南省',0),(1337,'河南工业大学',0,'41000000','河南省',0),(1338,'河南农业大学',0,'41000000','河南省',0),(1339,'河南师范大学',0,'41000000','河南省',0),(1340,'华北水利水电学院',0,'41000000','河南省',0),(1341,'郑州轻工业学院',0,'41000000','河南省',0),(1342,'安阳工学院',0,'41000000','河南省',0),(1343,'郑州航空工业管理学院',0,'41000000','河南省',0),(1344,'黄河科技学院',0,'41000000','河南省',0),(1345,'河南工程学院',0,'41000000','河南省',0),(1346,'平顶山工学院',0,'41000000','河南省',0),(1347,'中原工学院',0,'41000000','河南省',0),(1348,'南阳理工学院',0,'41000000','河南省',0),(1349,'洛阳理工学院',0,'41000000','河南省',0),(1350,'河南中医学院',0,'41000000','河南省',0),(1351,'新乡医学院',0,'41000000','河南省',0),(1352,'信阳师范学院',0,'41000000','河南省',0),(1353,'周口师范学院',0,'41000000','河南省',0),(1354,'安阳师范学院',0,'41000000','河南省',0),(1355,'南阳师范学院',0,'41000000','河南省',0),(1356,'洛阳师范学院',0,'41000000','河南省',0),(1357,'商丘师范学院',0,'41000000','河南省',0),(1358,'河南财经学院',0,'41000000','河南省',0),(1359,'河南科技学院',0,'41000000','河南省',0),(1360,'许昌学院',0,'41000000','河南省',0),(1361,'平顶山学院',0,'41000000','河南省',0),(1362,'新乡学院',0,'41000000','河南省',0),(1363,'黄淮学院',0,'41000000','河南省',0),(1364,'郑州华信学院',0,'41000000','河南省',0),(1365,'郑州科技学院',0,'41000000','河南省',0),(1366,'铁道警官高等专科学校',0,'41000000','河南省',0),(1367,'河南财政税务高等专科学校',0,'41000000','河南省',0),(1368,'河南工业贸易职业学院',0,'41000000','河南省',0),(1369,'河南工业职业技术学院',0,'41000000','河南省',0),(1370,'河南公安高等专科学校',0,'41000000','河南省',0),(1371,'河南机电高等专科学校',0,'41000000','河南省',0),(1372,'河南检察职业学院',0,'41000000','河南省',0),(1373,'河南交通职业技术学院',0,'41000000','河南省',0),(1374,'河南经贸职业学院',0,'41000000','河南省',0),(1375,'河南农业职业学院',0,'41000000','河南省',0),(1376,'河南商业高等专科学校',0,'41000000','河南省',0),(1377,'河南司法警官职业学院',0,'41000000','河南省',0),(1378,'河南职业技术学院',0,'41000000','河南省',0),(1379,'河南质量工程职业学院',0,'41000000','河南省',0),(1380,'鹤壁职业技术学院',0,'41000000','河南省',0),(1381,'黄河水利职业技术学院',0,'41000000','河南省',0),(1382,'济源职业技术学院',0,'41000000','河南省',0),(1383,'焦作大学',0,'41000000','河南省',0),(1384,'焦作师范高等专科学校',0,'41000000','河南省',0),(1385,'开封大学',0,'41000000','河南省',0),(1386,'漯河医学高等专科学校',0,'41000000','河南省',0),(1387,'漯河职业技术学院',0,'41000000','河南省',0),(1388,'南阳医学高等专科学校',0,'41000000','河南省',0),(1389,'平顶山工业职业技术学院',0,'41000000','河南省',0),(1390,'濮阳职业技术学院',0,'41000000','河南省',0),(1391,'三门峡职业技术学院',0,'41000000','河南省',0),(1392,'商丘科技职业学院',0,'41000000','河南省',0),(1393,'商丘医学高等专科学校',0,'41000000','河南省',0),(1394,'商丘职业技术学院',0,'41000000','河南省',0),(1395,'嵩山少林武术职业学院',0,'41000000','河南省',0),(1396,'信阳农业高等专科学校',0,'41000000','河南省',0),(1397,'信阳职业技术学院',0,'41000000','河南省',0),(1398,'许昌职业技术学院',0,'41000000','河南省',0),(1399,'永城职业学院',0,'41000000','河南省',0),(1400,'郑州电力高等专科学校',0,'41000000','河南省',0),(1401,'郑州电力职业技术学院',0,'41000000','河南省',0),(1402,'郑州电子信息职业技术学院',0,'41000000','河南省',0),(1403,'郑州工业安全职业学院',0,'41000000','河南省',0),(1404,'郑州交通职业学院',0,'41000000','河南省',0),(1405,'郑州经贸职业学院',0,'41000000','河南省',0),(1406,'郑州信息科技职业学院',0,'41000000','河南省',0),(1407,'郑州旅游职业学院',0,'41000000','河南省',0),(1408,'郑州牧业工程高等专科学校',0,'41000000','河南省',0),(1409,'郑州师范高等专科学校',0,'41000000','河南省',0),(1410,'郑州澍青医学高等专科学校',0,'41000000','河南省',0),(1411,'郑州铁路职业技术学院',0,'41000000','河南省',0),(1412,'郑州职业技术学院',0,'41000000','河南省',0),(1413,'中州大学',0,'41000000','河南省',0),(1414,'周口职业技术学院',0,'41000000','河南省',0),(1415,'河南建筑职业技术学院',0,'41000000','河南省',0),(1416,'周口科技职业学院',0,'41000000','河南省',0),(1417,'河南大学民生学院',0,'41000000','河南省',0),(1418,'河南师范大学新联学院',0,'41000000','河南省',0),(1419,'新乡医学院三全学院',0,'41000000','河南省',0),(1420,'信阳师范学院华锐学院',0,'41000000','河南省',0),(1421,'河南科技学院新科学院',0,'41000000','河南省',0),(1422,'河南理工大学万方科技学院',0,'41000000','河南省',0),(1423,'中原工学院信息商务学院',0,'41000000','河南省',0),(1424,'安阳师范学院人文管理学院',0,'41000000','河南省',0),(1425,'河南农业大学华豫学院',0,'41000000','河南省',0),(1426,'河南财经学院成功学院',0,'41000000','河南省',0),(1427,'河南教育学院',0,'41000000','河南省',0),(1428,'开封教育学院',0,'41000000','河南省',0),(1429,'河南政法管理干部学院',0,'41000000','河南省',0),(1430,'河南卫生职工学院',0,'41000000','河南省',0),(1431,'第一拖拉机制造厂拖拉机学院',0,'41000000','河南省',0),(1432,'平顶山教育学院',0,'41000000','河南省',0),(1433,'武汉大学',0,'42000000','湖北省',0),(1434,'中南财经政法大学',0,'42000000','湖北省',0),(1435,'华中科技大学',0,'42000000','湖北省',0),(1436,'武汉理工大学',0,'42000000','湖北省',0),(1437,'中国地质大学',0,'42000000','湖北省',0),(1438,'华中农业大学',0,'42000000','湖北省',0),(1439,'华中师范大学',0,'42000000','湖北省',0),(1440,'中南民族大学',0,'42000000','湖北省',0),(1441,'湖北大学',0,'42000000','湖北省',0),(1442,'长江大学',0,'42000000','湖北省',0),(1443,'江汉大学',0,'42000000','湖北省',0),(1444,'三峡大学',0,'42000000','湖北省',0),(1445,'武汉科技大学',0,'42000000','湖北省',0),(1446,'湖北工业大学',0,'42000000','湖北省',0),(1447,'武汉工程大学',0,'42000000','湖北省',0),(1448,'武汉科技学院',0,'42000000','湖北省',0),(1449,'武汉工业学院',0,'42000000','湖北省',0),(1450,'湖北汽车工业学院',0,'42000000','湖北省',0),(1451,'荆楚理工学院',0,'42000000','湖北省',0),(1452,'湖北中医学院',0,'42000000','湖北省',0),(1453,'郧阳医学院',0,'42000000','湖北省',0),(1454,'湖北师范学院',0,'42000000','湖北省',0),(1455,'黄冈师范学院',0,'42000000','湖北省',0),(1456,'孝感学院',0,'42000000','湖北省',0),(1457,'湖北第二师范学院',0,'42000000','湖北省',0),(1458,'湖北经济学院',0,'42000000','湖北省',0),(1459,'湖北警官学院',0,'42000000','湖北省',0),(1460,'武汉体育学院',0,'42000000','湖北省',0),(1461,'湖北美术学院',0,'42000000','湖北省',0),(1462,'武汉音乐学院',0,'42000000','湖北省',0),(1463,'湖北民族学院',0,'42000000','湖北省',0),(1464,'襄樊学院',0,'42000000','湖北省',0),(1465,'咸宁学院',0,'42000000','湖北省',0),(1466,'黄石理工学院',0,'42000000','湖北省',0),(1467,'武汉生物工程学院',0,'42000000','湖北省',0),(1468,'湖北中医药高等专科学校',0,'42000000','湖北省',0),(1469,'郧阳师范高等专科学校',0,'42000000','湖北省',0),(1470,'湖北财经高等专科学校',0,'42000000','湖北省',0),(1471,'武汉工贸职业学院',0,'42000000','湖北省',0),(1472,'武汉商业服务学院',0,'42000000','湖北省',0),(1473,'恩施职业技术学院',0,'42000000','湖北省',0),(1474,'武汉职业技术学院',0,'42000000','湖北省',0),(1475,'黄冈职业技术学院',0,'42000000','湖北省',0),(1476,'长江职业学院',0,'42000000','湖北省',0),(1477,'十堰职业技术学院',0,'42000000','湖北省',0),(1478,'湖北职业技术学院',0,'42000000','湖北省',0),(1479,'襄樊职业技术学院',0,'42000000','湖北省',0),(1480,'鄂州职业大学',0,'42000000','湖北省',0),(1481,'沙市职业大学',0,'42000000','湖北省',0),(1482,'武汉船舶职业技术学院',0,'42000000','湖北省',0),(1483,'江汉艺术职业学院',0,'42000000','湖北省',0),(1484,'湖北艺术职业学院',0,'42000000','湖北省',0),(1485,'湖北开放职业学院',0,'42000000','湖北省',0),(1486,'湖北国土资源职业学院',0,'42000000','湖北省',0),(1487,'湖北水利水电职业技术学院',0,'42000000','湖北省',0),(1488,'湖北生物科技职业学院',0,'42000000','湖北省',0),(1489,'黄冈科技职业学院',0,'42000000','湖北省',0),(1490,'咸宁职业技术学院',0,'42000000','湖北省',0),(1491,'武汉科技职业学院',0,'42000000','湖北省',0),(1492,'武汉工业职业技术学院',0,'42000000','湖北省',0),(1493,'湖北生态工程职业技术学院',0,'42000000','湖北省',0),(1494,'武汉警官职业学院',0,'42000000','湖北省',0),(1495,'随州职业技术学院',0,'42000000','湖北省',0),(1496,'武汉信息传播职业技术学院',0,'42000000','湖北省',0),(1497,'武汉外语外事职业学院',0,'42000000','湖北省',0),(1498,'武汉电力职业技术学院',0,'42000000','湖北省',0),(1499,'武汉民政职业学院',0,'42000000','湖北省',0),(1500,'鄂东职业技术学院',0,'42000000','湖北省',0),(1501,'武汉铁路职业技术学院',0,'42000000','湖北省',0),(1502,'三峡电力职业学院',0,'42000000','湖北省',0),(1503,'湖北财税职业学院',0,'42000000','湖北省',0),(1504,'武汉航海职业技术学院',0,'42000000','湖北省',0),(1505,'湖北三峡职业技术学院',0,'42000000','湖北省',0),(1506,'武汉工程职业技术学院',0,'42000000','湖北省',0),(1507,'湖北城市建设职业技术学院',0,'42000000','湖北省',0),(1508,'湖北轻工职业技术学院',0,'42000000','湖北省',0),(1509,'湖北交通职业技术学院',0,'42000000','湖北省',0),(1510,'荆州职业技术学院',0,'42000000','湖北省',0),(1511,'武汉语言文化职业学院',0,'42000000','湖北省',0),(1512,'武汉商贸职业学院',0,'42000000','湖北省',0),(1513,'长江工程职业技术学院',0,'42000000','湖北省',0),(1514,'仙桃职业学院',0,'42000000','湖北省',0),(1515,'武汉交通职业学院',0,'42000000','湖北省',0),(1516,'武汉软件工程职业学院',0,'42000000','湖北省',0),(1517,'湖北科技职业学院',0,'42000000','湖北省',0),(1518,'湖北青年职业学院',0,'42000000','湖北省',0),(1519,'黄石职业技术学院',0,'42000000','湖北省',0),(1520,'武汉大学东湖分校',0,'42000000','湖北省',0),(1521,'华中师范大学汉口分校',0,'42000000','湖北省',0),(1522,'华中科技大学武昌分校',0,'42000000','湖北省',0),(1523,'武汉科技大学中南分校',0,'42000000','湖北省',0),(1524,'湖北大学知行学院',0,'42000000','湖北省',0),(1525,'武汉科技大学城市学院',0,'42000000','湖北省',0),(1526,'三峡大学科技学院',0,'42000000','湖北省',0),(1527,'江汉大学文理学院',0,'42000000','湖北省',0),(1528,'湖北工业大学工程技术学院',0,'42000000','湖北省',0),(1529,'武汉工程大学邮电与信息工程学院',0,'42000000','湖北省',0),(1530,'武汉科技学院外经贸学院',0,'42000000','湖北省',0),(1531,'武汉工业学院工商学院',0,'42000000','湖北省',0),(1532,'中南民族大学工商学院',0,'42000000','湖北省',0),(1533,'长江大学工程技术学院',0,'42000000','湖北省',0),(1534,'长江大学文理学院',0,'42000000','湖北省',0),(1535,'湖北工业大学商贸学院',0,'42000000','湖北省',0),(1536,'湖北汽车工业学院科技学院',0,'42000000','湖北省',0),(1537,'郧阳医学院药护学院',0,'42000000','湖北省',0),(1538,'湖北民族学院科技学院',0,'42000000','湖北省',0),(1539,'湖北经济学院法商学院',0,'42000000','湖北省',0),(1540,'武汉体育学院体育科技学院',0,'42000000','湖北省',0),(1541,'湖北师范学院文理学院',0,'42000000','湖北省',0),(1542,'襄樊学院理工学院',0,'42000000','湖北省',0),(1543,'孝感学院新技术学院',0,'42000000','湖北省',0),(1544,'华中科技大学文华学院',0,'42000000','湖北省',0),(1545,'中南财经政法大学武汉学院',0,'42000000','湖北省',0),(1546,'中国地质大学江城学院',0,'42000000','湖北省',0),(1547,'武汉理工大学华夏学院',0,'42000000','湖北省',0),(1548,'华中师范大学武汉传媒学院',0,'42000000','湖北省',0),(1549,'华中农业大学楚天学院',0,'42000000','湖北省',0),(1550,'武汉大学珞珈学院',0,'42000000','湖北省',0),(1551,'丹江口工程管理局职工大学',0,'42000000','湖北省',0),(1552,'湖北省经济管理干部学院',0,'42000000','湖北省',0),(1553,'十堰教育学院',0,'42000000','湖北省',0),(1554,'荆州教育学院',0,'42000000','湖北省',0),(1555,'武汉冶金管理干部学院',0,'42000000','湖北省',0),(1556,'中南大学',0,'43000000','湖南省',0),(1557,'湖南大学',0,'43000000','湖南省',0),(1558,'湘潭大学',0,'43000000','湖南省',0),(1559,'吉首大学',0,'43000000','湖南省',0),(1560,'湖南科技大学',0,'43000000','湖南省',0),(1561,'长沙理工大学',0,'43000000','湖南省',0),(1562,'南华大学',0,'43000000','湖南省',0),(1563,'湖南工业大学',0,'43000000','湖南省',0),(1564,'湖南农业大学',0,'43000000','湖南省',0),(1565,'湖南中医药大学',0,'43000000','湖南省',0),(1566,'湖南师范大学',0,'43000000','湖南省',0),(1567,'长沙学院',0,'43000000','湖南省',0),(1568,'湖南理工学院',0,'43000000','湖南省',0),(1569,'湖南城市学院',0,'43000000','湖南省',0),(1570,'湖南工程学院',0,'43000000','湖南省',0),(1571,'湖南工学院',0,'43000000','湖南省',0),(1572,'中南林业科技大学',0,'43000000','湖南省',0),(1573,'长沙医学院',0,'43000000','湖南省',0),(1574,'湘南学院',0,'43000000','湖南省',0),(1575,'衡阳师范学院',0,'43000000','湖南省',0),(1576,'湖南涉外经济学院',0,'43000000','湖南省',0),(1577,'湖南商学院',0,'43000000','湖南省',0),(1578,'湖南人文科技学院',0,'43000000','湖南省',0),(1579,'湖南科技学院',0,'43000000','湖南省',0),(1580,'怀化学院',0,'43000000','湖南省',0),(1581,'湖南文理学院',0,'43000000','湖南省',0),(1582,'邵阳学院',0,'43000000','湖南省',0),(1583,'湖南第一师范学院',0,'43000000','湖南省',0),(1584,'怀化医学高等专科学校',0,'43000000','湖南省',0),(1585,'益阳医学高等专科学校',0,'43000000','湖南省',0),(1586,'湖南中医药高等专科学校',0,'43000000','湖南省',0),(1587,'邵阳医学高等专科学校',0,'43000000','湖南省',0),(1588,'湖南财经高等专科学校',0,'43000000','湖南省',0),(1589,'湖南公安高等专科学校',0,'43000000','湖南省',0),(1590,'长沙航空职业技术学院',0,'43000000','湖南省',0),(1591,'湖南环境生物职业技术学院',0,'43000000','湖南省',0),(1592,'永州职业技术学院',0,'43000000','湖南省',0),(1593,'长沙民政职业技术学院',0,'43000000','湖南省',0),(1594,'湖南铁道职业技术学院',0,'43000000','湖南省',0),(1595,'湖南工业职业技术学院',0,'43000000','湖南省',0),(1596,'湖南大众传媒职业技术学院',0,'43000000','湖南省',0),(1597,'湖南信息职业技术学院',0,'43000000','湖南省',0),(1598,'湖南女子职业大学',0,'43000000','湖南省',0),(1599,'湖南交通职业技术学院',0,'43000000','湖南省',0),(1600,'湖南软件职业学院',0,'43000000','湖南省',0),(1601,'常德职业技术学院',0,'43000000','湖南省',0),(1602,'长沙电力职业技术学院',0,'43000000','湖南省',0),(1603,'湖南水利水电职业技术学院',0,'43000000','湖南省',0),(1604,'湖南现代物流职业技术学院',0,'43000000','湖南省',0),(1605,'湖南交通工程职业技术学院',0,'43000000','湖南省',0),(1606,'湖南铁路科技职业技术学院',0,'43000000','湖南省',0),(1607,'湖南工艺美术职业学院',0,'43000000','湖南省',0),(1608,'湖南九嶷职业技术学院',0,'43000000','湖南省',0),(1609,'湖南民族职业学院',0,'43000000','湖南省',0),(1610,'湖南科技经贸职业学院',0,'43000000','湖南省',0),(1611,'湖南工程职业技术学院',0,'43000000','湖南省',0),(1612,'湖南信息科学职业学院',0,'43000000','湖南省',0),(1613,'衡阳财经工业职业技术学院',0,'43000000','湖南省',0),(1614,'湖南石油化工职业技术学院',0,'43000000','湖南省',0),(1615,'保险职业学院',0,'43000000','湖南省',0),(1616,'湖南化工职业技术学院',0,'43000000','湖南省',0),(1617,'潇湘职业学院',0,'43000000','湖南省',0),(1618,'怀化职业技术学院',0,'43000000','湖南省',0),(1619,'岳阳职业技术学院',0,'43000000','湖南省',0),(1620,'湖南理工职业技术学院',0,'43000000','湖南省',0),(1621,'湖南安全技术职业学院',0,'43000000','湖南省',0),(1622,'长沙师范学校',0,'43000000','湖南省',0),(1623,'湘西民族职业技术学院',0,'43000000','湖南省',0),(1624,'益阳职业技术学院',0,'43000000','湖南省',0),(1625,'湖南同德职业学院',0,'43000000','湖南省',0),(1626,'湖南机电职业技术学院',0,'43000000','湖南省',0),(1627,'湖南艺术职业学院',0,'43000000','湖南省',0),(1628,'湖南电气职业技术学院',0,'43000000','湖南省',0),(1629,'湖南外国语职业学院',0,'43000000','湖南省',0),(1630,'株洲职业技术学院',0,'43000000','湖南省',0),(1631,'长沙通信职业技术学院',0,'43000000','湖南省',0),(1632,'湖南城建职业技术学院',0,'43000000','湖南省',0),(1633,'湖南体育职业学院',0,'43000000','湖南省',0),(1634,'长沙环境保护职业技术学院',0,'43000000','湖南省',0),(1635,'湖南网络工程职业学院',0,'43000000','湖南省',0),(1636,'长沙职业技术学院',0,'43000000','湖南省',0),(1637,'长沙商贸旅游职业技术学院',0,'43000000','湖南省',0),(1638,'邵阳职业技术学院',0,'43000000','湖南省',0),(1639,'湖南对外经济贸易职业学院',0,'43000000','湖南省',0),(1640,'湖南司法警官职业学院',0,'43000000','湖南省',0),(1641,'长沙南方职业学院',0,'43000000','湖南省',0),(1642,'张家界航空工业职业技术学院',0,'43000000','湖南省',0),(1643,'湖南生物与机电工程职业技术学院',0,'43000000','湖南省',0),(1644,'湖南商务职业技术学院',0,'43000000','湖南省',0),(1645,'湖南科技职业学院',0,'43000000','湖南省',0),(1646,'湘潭职业技术学院',0,'43000000','湖南省',0),(1647,'郴州职业技术学院',0,'43000000','湖南省',0),(1648,'娄底职业技术学院',0,'43000000','湖南省',0),(1649,'湖南电子科技职业学院',0,'43000000','湖南省',0),(1650,'湖南都市职业学院',0,'43000000','湖南省',0),(1651,'湖南科技工业职业技术学院',0,'43000000','湖南省',0),(1652,'湘潭大学兴湘学院',0,'43000000','湖南省',0),(1653,'湖南工业大学科技学院',0,'43000000','湖南省',0),(1654,'湖南科技大学潇湘学院',0,'43000000','湖南省',0),(1655,'南华大学船山学院',0,'43000000','湖南省',0),(1656,'湖南商学院北津学院',0,'43000000','湖南省',0),(1657,'湖南师范大学树达学院',0,'43000000','湖南省',0),(1658,'湖南农业大学东方科技学院',0,'43000000','湖南省',0),(1659,'中南林业科技大学涉外学院',0,'43000000','湖南省',0),(1660,'湖南文理学院芙蓉学院',0,'43000000','湖南省',0),(1661,'湖南理工学院南湖学院',0,'43000000','湖南省',0),(1662,'衡阳师范学院南岳学院',0,'43000000','湖南省',0),(1663,'湖南工程学院应用技术学院',0,'43000000','湖南省',0),(1664,'湖南中医药大学湘杏学院',0,'43000000','湖南省',0),(1665,'吉首大学张家界学院',0,'43000000','湖南省',0),(1666,'长沙理工大学城南学院',0,'43000000','湖南省',0),(1667,'株洲市职工大学',0,'43000000','湖南省',0),(1668,'南方动力机械公司职工工学院',0,'43000000','湖南省',0),(1669,'长沙教育学院',0,'43000000','湖南省',0),(1670,'湘潭教育学院',0,'43000000','湖南省',0),(1671,'中山大学',0,'44000000','广东省',0),(1672,'华南理工大学',0,'44000000','广东省',0),(1673,'暨南大学',0,'44000000','广东省',0),(1674,'汕头大学',0,'44000000','广东省',0),(1675,'深圳大学',0,'44000000','广东省',0),(1676,'五邑大学',0,'44000000','广东省',0),(1677,'广东工业大学',0,'44000000','广东省',0),(1678,'华南农业大学',0,'44000000','广东省',0),(1679,'广东海洋大学',0,'44000000','广东省',0),(1680,'广州中医药大学',0,'44000000','广东省',0),(1681,'南方医科大学',0,'44000000','广东省',0),(1682,'华南师范大学',0,'44000000','广东省',0),(1683,'广东外语外贸大学',0,'44000000','广东省',0),(1684,'广州大学',0,'44000000','广东省',0),(1685,'北京师范大学-香港浸会大学联合国际学院',0,'44000000','广东省',0),(1686,'肇庆学院',0,'44000000','广东省',0),(1687,'东莞理工学院',0,'44000000','广东省',0),(1688,'茂名学院',0,'44000000','广东省',0),(1689,'仲恺农业工程学院',0,'44000000','广东省',0),(1690,'广东医学院',0,'44000000','广东省',0),(1691,'广州医学院',0,'44000000','广东省',0),(1692,'广东药学院',0,'44000000','广东省',0),(1693,'韶关学院',0,'44000000','广东省',0),(1694,'湛江师范学院',0,'44000000','广东省',0),(1695,'惠州学院',0,'44000000','广东省',0),(1696,'嘉应学院',0,'44000000','广东省',0),(1697,'韩山师范学院',0,'44000000','广东省',0),(1698,'广东金融学院',0,'44000000','广东省',0),(1699,'广东商学院',0,'44000000','广东省',0),(1700,'广东警官学院',0,'44000000','广东省',0),(1701,'广州体育学院',0,'44000000','广东省',0),(1702,'广州美术学院',0,'44000000','广东省',0),(1703,'星海音乐学院',0,'44000000','广东省',0),(1704,'广东技术师范学院',0,'44000000','广东省',0),(1705,'广东培正学院',0,'44000000','广东省',0),(1706,'佛山科学技术学院',0,'44000000','广东省',0),(1707,'广东白云学院',0,'44000000','广东省',0),(1708,'广州航海高等专科学校',0,'44000000','广东省',0),(1709,'肇庆医学高等专科学校',0,'44000000','广东省',0),(1710,'民办南华工商学院',0,'44000000','广东省',0),(1711,'私立华联学院',0,'44000000','广东省',0),(1712,'广州民航职业技术学院',0,'44000000','广东省',0),(1713,'顺德职业技术学院',0,'44000000','广东省',0),(1714,'广东水利电力职业技术学院',0,'44000000','广东省',0),(1715,'佛山职业技术学院',0,'44000000','广东省',0),(1716,'番禺职业技术学院',0,'44000000','广东省',0),(1717,'广东交通职业技术学院',0,'44000000','广东省',0),(1718,'广东松山职业技术学院',0,'44000000','广东省',0),(1719,'广东农工商职业技术学院',0,'44000000','广东省',0),(1720,'广东轻工职业技术学院',0,'44000000','广东省',0),(1721,'潮汕职业技术学院',0,'44000000','广东省',0),(1722,'深圳职业技术学院',0,'44000000','广东省',0),(1723,'广东新安职业技术学院',0,'44000000','广东省',0),(1724,'广州科技职业技术学院',0,'44000000','广东省',0),(1725,'广州工程技术职业学院',0,'44000000','广东省',0),(1726,'广州南洋理工职业学院',0,'44000000','广东省',0),(1727,'广州涉外经济职业技术学院',0,'44000000','广东省',0),(1728,'广州工商职业技术学院',0,'44000000','广东省',0),(1729,'东莞南博职业技术学院',0,'44000000','广东省',0),(1730,'肇庆工商职业技术学院',0,'44000000','广东省',0),(1731,'惠州经济职业技术学院',0,'44000000','广东省',0),(1732,'珠海城市职业技术学院',0,'44000000','广东省',0),(1733,'广东邮电职业技术学院',0,'44000000','广东省',0),(1734,'肇庆科技职业技术学院',0,'44000000','广东省',0),(1735,'深圳信息职业技术学院',0,'44000000','广东省',0),(1736,'广东行政职业学院',0,'44000000','广东省',0),(1737,'广州华南商贸职业学院',0,'44000000','广东省',0),(1738,'广州铁路职业技术学院',0,'44000000','广东省',0),(1739,'广州体育职业技术学院',0,'44000000','广东省',0),(1740,'江门职业技术学院',0,'44000000','广东省',0),(1741,'揭阳职业技术学院',0,'44000000','广东省',0),(1742,'汕头职业技术学院',0,'44000000','广东省',0),(1743,'清远职业技术学院',0,'44000000','广东省',0),(1744,'广东亚视演艺职业学院',0,'44000000','广东省',0),(1745,'广东科贸职业学院',0,'44000000','广东省',0),(1746,'广东司法警官职业学院',0,'44000000','广东省',0),(1747,'广东工贸职业技术学院',0,'44000000','广东省',0),(1748,'广东文艺职业学院',0,'44000000','广东省',0),(1749,'茂名职业技术学院',0,'44000000','广东省',0),(1750,'中山职业技术学院',0,'44000000','广东省',0),(1751,'广州科技贸易职业学院',0,'44000000','广东省',0),(1752,'广州华立科技职业学院',0,'44000000','广东省',0),(1753,'广东纺织职业技术学院',0,'44000000','广东省',0),(1754,'中山火炬职业技术学院',0,'44000000','广东省',0),(1755,'广州现代信息工程职业技术学院',0,'44000000','广东省',0),(1756,'广东理工职业学院',0,'44000000','广东省',0),(1757,'广东科学技术职业学院',0,'44000000','广东省',0),(1758,'广东工程职业技术学院',0,'44000000','广东省',0),(1759,'广东省外语艺术职业学院',0,'44000000','广东省',0),(1760,'广州城市职业学院',0,'44000000','广东省',0),(1761,'罗定职业技术学院',0,'44000000','广东省',0),(1762,'广东建设职业技术学院',0,'44000000','广东省',0),(1763,'河源职业技术学院',0,'44000000','广东省',0),(1764,'广东体育职业技术学院',0,'44000000','广东省',0),(1765,'汕尾职业技术学院',0,'44000000','广东省',0),(1766,'广东岭南职业技术学院',0,'44000000','广东省',0),(1767,'广东女子职业技术学院',0,'44000000','广东省',0),(1768,'广东机电职业技术学院',0,'44000000','广东省',0),(1769,'广东财经职业学院',0,'44000000','广东省',0),(1770,'阳江职业技术学院',0,'44000000','广东省',0),(1771,'南海东软信息技术职业学院',0,'44000000','广东省',0),(1772,'珠海艺术职业学院',0,'44000000','广东省',0),(1773,'广州康大职业技术学院',0,'44000000','广东省',0),(1774,'广东食品药品职业学院',0,'44000000','广东省',0),(1775,'广州城建职业学院',0,'44000000','广东省',0),(1776,'湛江现代科技职业学院',0,'44000000','广东省',0),(1777,'广州松田职业学院',0,'44000000','广东省',0),(1778,'广州珠江职业技术学院',0,'44000000','广东省',0),(1779,'北京师范大学珠海分校',0,'44000000','广东省',0),(1780,'电子科技大学中山学院',0,'44000000','广东省',0),(1781,'华南师范大学增城学院',0,'44000000','广东省',0),(1782,'广东工业大学华立学院',0,'44000000','广东省',0),(1783,'北京理工大学珠海学院',0,'44000000','广东省',0),(1784,'广州大学松田学院',0,'44000000','广东省',0),(1785,'吉林大学珠海学院',0,'44000000','广东省',0),(1786,'东莞理工学院城市学院',0,'44000000','广东省',0),(1787,'中山大学新华学院',0,'44000000','广东省',0),(1788,'中山大学南方学院',0,'44000000','广东省',0),(1789,'华南理工大学广州汽车学院',0,'44000000','广东省',0),(1790,'华南农业大学珠江学院',0,'44000000','广东省',0),(1791,'广东外语外贸大学南国商学院',0,'44000000','广东省',0),(1792,'广东商学院华商学院',0,'44000000','广东省',0),(1793,'广东海洋大学寸金学院',0,'44000000','广东省',0),(1794,'广东技术师范学院天河学院',0,'44000000','广东省',0),(1795,'广州大学华软软件学院',0,'44000000','广东省',0),(1796,'广东教育学院',0,'44000000','广东省',0),(1797,'广西大学',0,'45000000','广西省',0),(1798,'桂林电子科技大学',0,'45000000','广西省',0),(1799,'广西医科大学',0,'45000000','广西省',0),(1800,'广西师范大学',0,'45000000','广西省',0),(1801,'广西民族大学',0,'45000000','广西省',0),(1802,'桂林工学院',0,'45000000','广西省',0),(1803,'广西工学院',0,'45000000','广西省',0),(1804,'广西中医学院',0,'45000000','广西省',0),(1805,'桂林医学院',0,'45000000','广西省',0),(1806,'右江民族医学院',0,'45000000','广西省',0),(1807,'广西师范学院',0,'45000000','广西省',0),(1808,'玉林师范学院',0,'45000000','广西省',0),(1809,'河池学院',0,'45000000','广西省',0),(1810,'广西财经学院',0,'45000000','广西省',0),(1811,'广西艺术学院',0,'45000000','广西省',0),(1812,'贺州学院',0,'45000000','广西省',0),(1813,'百色学院',0,'45000000','广西省',0),(1814,'钦州学院',0,'45000000','广西省',0),(1815,'梧州学院',0,'45000000','广西省',0),(1816,'桂林航天工业高等专科学校',0,'45000000','广西省',0),(1817,'柳州医学高等专科学校',0,'45000000','广西省',0),(1818,'桂林师范高等专科学校',0,'45000000','广西省',0),(1819,'柳州师范高等专科学校',0,'45000000','广西省',0),(1820,'南宁师范高等专科学校',0,'45000000','广西省',0),(1821,'桂林旅游高等专科学校',0,'45000000','广西省',0),(1822,'广西警官高等专科学校',0,'45000000','广西省',0),(1823,'广西体育高等专科学校',0,'45000000','广西省',0),(1824,'邕江大学',0,'45000000','广西省',0),(1825,'广西机电职业技术学院',0,'45000000','广西省',0),(1826,'柳州职业技术学院',0,'45000000','广西省',0),(1827,'南宁职业技术学院',0,'45000000','广西省',0),(1828,'广西职业技术学院',0,'45000000','广西省',0),(1829,'广西英华国际职业学院',0,'45000000','广西省',0),(1830,'河池职业学院',0,'45000000','广西省',0),(1831,'北海宏源足球职业学院',0,'45000000','广西省',0),(1832,'北海职业学院',0,'45000000','广西省',0),(1833,'广西演艺职业学院',0,'45000000','广西省',0),(1834,'广西东方外语职业学院',0,'45000000','广西省',0),(1835,'广西电力职业技术学院',0,'45000000','广西省',0),(1836,'广西工业职业技术学院',0,'45000000','广西省',0),(1837,'北海艺术设计职业学院',0,'45000000','广西省',0),(1838,'广西农业职业技术学院',0,'45000000','广西省',0),(1839,'贵港职业学院',0,'45000000','广西省',0),(1840,'广西建设职业技术学院',0,'45000000','广西省',0),(1841,'柳州运输职业技术学院',0,'45000000','广西省',0),(1842,'广西水利电力职业技术学院',0,'45000000','广西省',0),(1843,'广西交通职业技术学院',0,'45000000','广西省',0),(1844,'桂林山水职业学院',0,'45000000','广西省',0),(1845,'广西工商职业技术学院',0,'45000000','广西省',0),(1846,'广西生态工程职业技术学院',0,'45000000','广西省',0),(1847,'广西经贸职业技术学院',0,'45000000','广西省',0),(1848,'广西城市职业学院',0,'45000000','广西省',0),(1849,'广西国际商务职业技术学院',0,'45000000','广西省',0),(1850,'百色职业学院',0,'45000000','广西省',0),(1851,'柳州城市职业学院',0,'45000000','广西省',0),(1852,'广西工程职业学院',0,'45000000','广西省',0),(1853,'广西理工职业技术学院',0,'45000000','广西省',0),(1854,'梧州职业学院',0,'45000000','广西省',0),(1855,'广西大学行健文理学院',0,'45000000','广西省',0),(1856,'广西师范大学漓江学院',0,'45000000','广西省',0),(1857,'广西师范学院师园学院',0,'45000000','广西省',0),(1858,'广西工学院鹿山学院',0,'45000000','广西省',0),(1859,'桂林电子科技大学信息科技学院',0,'45000000','广西省',0),(1860,'桂林工学院博文管理学院',0,'45000000','广西省',0),(1861,'广西中医学院赛恩斯新医药学院',0,'45000000','广西省',0),(1862,'广西民族大学相思湖学院',0,'45000000','广西省',0),(1863,'北京航空航天大学北海学院',0,'45000000','广西省',0),(1864,'广西壮族自治区经济管理干部学院',0,'45000000','广西省',0),(1865,'广西政法管理干部学院',0,'45000000','广西省',0),(1866,'广西壮族自治区卫生管理干部学院',0,'45000000','广西省',0),(1867,'广西教育学院',0,'45000000','广西省',0),(1868,'南宁地区教育学院',0,'45000000','广西省',0),(1869,'海南大学',0,'46000000','海南省',0),(1870,'海南师范大学',0,'46000000','海南省',0),(1871,'海南医学院',0,'46000000','海南省',0),(1872,'琼州学院',0,'46000000','海南省',0),(1873,'海口经济学院',0,'46000000','海南省',0),(1874,'琼台师范高等专科学校',0,'46000000','海南省',0),(1875,'海南职业技术学院',0,'46000000','海南省',0),(1876,'海南软件职业技术学院',0,'46000000','海南省',0),(1877,'海南经贸职业技术学院',0,'46000000','海南省',0),(1878,'海南政法职业学院',0,'46000000','海南省',0),(1879,'海南万和信息职业技术学院',0,'46000000','海南省',0),(1880,'三亚航空旅游职业学院',0,'46000000','海南省',0),(1881,'海南外国语职业学院',0,'46000000','海南省',0),(1882,'三亚城市职业学院',0,'46000000','海南省',0),(1883,'海南科技职业学院',0,'46000000','海南省',0),(1884,'海南大学三亚学院',0,'46000000','海南省',0),(1885,'重庆大学',0,'50000000','重庆市',0),(1886,'西南大学',0,'50000000','重庆市',0),(1887,'重庆交通大学',0,'50000000','重庆市',0),(1888,'重庆邮电大学',0,'50000000','重庆市',0),(1889,'重庆医科大学',0,'50000000','重庆市',0),(1890,'重庆师范大学',0,'50000000','重庆市',0),(1891,'重庆工商大学',0,'50000000','重庆市',0),(1892,'西南政法大学',0,'50000000','重庆市',0),(1893,'重庆科技学院',0,'50000000','重庆市',0),(1894,'重庆工学院',0,'50000000','重庆市',0),(1895,'长江师范学院',0,'50000000','重庆市',0),(1896,'四川外语学院',0,'50000000','重庆市',0),(1897,'四川美术学院',0,'50000000','重庆市',0),(1898,'重庆三峡学院',0,'50000000','重庆市',0),(1899,'重庆文理学院',0,'50000000','重庆市',0),(1900,'重庆电力高等专科学校',0,'50000000','重庆市',0),(1901,'重庆三峡医药高等专科学校',0,'50000000','重庆市',0),(1902,'重庆医药高等专科学校',0,'50000000','重庆市',0),(1903,'重庆电子职业技术学院',0,'50000000','重庆市',0),(1904,'重庆工业职业技术学院',0,'50000000','重庆市',0),(1905,'重庆工程职业技术学院',0,'50000000','重庆市',0),(1906,'重庆信息技术职业学院',0,'50000000','重庆市',0),(1907,'重庆警官职业学院',0,'50000000','重庆市',0),(1908,'重庆巴渝职业技术学院',0,'50000000','重庆市',0),(1909,'重庆海联职业技术学院',0,'50000000','重庆市',0),(1910,'重庆城市管理职业学院',0,'50000000','重庆市',0),(1911,'重庆城市职业学院',0,'50000000','重庆市',0),(1912,'重庆青年职业技术学院',0,'50000000','重庆市',0),(1913,'重庆正大软件职业技术学院',0,'50000000','重庆市',0),(1914,'重庆机电职业技术学院',0,'50000000','重庆市',0),(1915,'重庆民生职业技术学院',0,'50000000','重庆市',0),(1916,'重庆工商职业学院',0,'50000000','重庆市',0),(1917,'重庆水利电力职业技术学院',0,'50000000','重庆市',0),(1918,'重庆工贸职业技术学院',0,'50000000','重庆市',0),(1919,'重庆三峡职业学院',0,'50000000','重庆市',0),(1920,'重庆电子工程职业学院',0,'50000000','重庆市',0),(1921,'重庆光彩职业技术学院',0,'50000000','重庆市',0),(1922,'重庆财经职业学院',0,'50000000','重庆市',0),(1923,'重庆科创职业学院',0,'50000000','重庆市',0),(1924,'重庆建筑工程职业学院',0,'50000000','重庆市',0),(1925,'重庆大学城市科技学院',0,'50000000','重庆市',0),(1926,'西南大学育才学院',0,'50000000','重庆市',0),(1927,'四川外语学院重庆南方翻译学院',0,'50000000','重庆市',0),(1928,'重庆师范大学涉外商贸学院',0,'50000000','重庆市',0),(1929,'重庆工商大学融智学院',0,'50000000','重庆市',0),(1930,'重庆工商大学派斯学院',0,'50000000','重庆市',0),(1931,'重庆邮电大学移通学院',0,'50000000','重庆市',0),(1932,'重庆教育学院',0,'50000000','重庆市',0),(1933,'四川大学',0,'51000000','四川省',0),(1934,'西南交通大学',0,'51000000','四川省',0),(1935,'电子科技大学',0,'51000000','四川省',0),(1936,'西南财经大学',0,'51000000','四川省',0),(1937,'西南民族大学',0,'51000000','四川省',0),(1938,'成都理工大学',0,'51000000','四川省',0),(1939,'西华大学',0,'51000000','四川省',0),(1940,'西南科技大学',0,'51000000','四川省',0),(1941,'四川农业大学',0,'51000000','四川省',0),(1942,'成都中医药大学',0,'51000000','四川省',0),(1943,'四川师范大学',0,'51000000','四川省',0),(1944,'西华师范大学',0,'51000000','四川省',0),(1945,'中国民用航空飞行学院',0,'51000000','四川省',0),(1946,'西南石油大学',0,'51000000','四川省',0),(1947,'成都信息工程学院',0,'51000000','四川省',0),(1948,'四川理工学院',0,'51000000','四川省',0),(1949,'泸州医学院',0,'51000000','四川省',0),(1950,'川北医学院',0,'51000000','四川省',0),(1951,'成都医学院',0,'51000000','四川省',0),(1952,'内江师范学院',0,'51000000','四川省',0),(1953,'四川文理学院',0,'51000000','四川省',0),(1954,'乐山师范学院',0,'51000000','四川省',0),(1955,'四川警察学院',0,'51000000','四川省',0),(1956,'成都体育学院',0,'51000000','四川省',0),(1957,'四川音乐学院',0,'51000000','四川省',0),(1958,'攀枝花学院',0,'51000000','四川省',0),(1959,'宜宾学院',0,'51000000','四川省',0),(1960,'绵阳师范学院',0,'51000000','四川省',0),(1961,'西昌学院',0,'51000000','四川省',0),(1962,'成都学院',0,'51000000','四川省',0),(1963,'成都纺织高等专科学校',0,'51000000','四川省',0),(1964,'四川烹饪高等专科学校',0,'51000000','四川省',0),(1965,'成都电子机械高等专科学校',0,'51000000','四川省',0),(1966,'四川中医药高等专科学校',0,'51000000','四川省',0),(1967,'阿坝师范高等专科学校',0,'51000000','四川省',0),(1968,'康定民族师范高等专科学校',0,'51000000','四川省',0),(1969,'民办四川天一学院',0,'51000000','四川省',0),(1970,'成都航空职业技术学院',0,'51000000','四川省',0),(1971,'四川托普信息技术职业学院',0,'51000000','四川省',0),(1972,'四川国际标榜职业学院',0,'51000000','四川省',0),(1973,'成都农业科技职业学院',0,'51000000','四川省',0),(1974,'四川电力职业技术学院',0,'51000000','四川省',0),(1975,'内江职业技术学院',0,'51000000','四川省',0),(1976,'四川华新现代职业学院',0,'51000000','四川省',0),(1977,'成都艺术职业学院',0,'51000000','四川省',0),(1978,'成都职业技术学院',0,'51000000','四川省',0),(1979,'四川职业技术学院',0,'51000000','四川省',0),(1980,'眉山职业技术学院',0,'51000000','四川省',0),(1981,'泸州职业技术学院',0,'51000000','四川省',0),(1982,'成都东软信息技术职业学院',0,'51000000','四川省',0),(1983,'宜宾职业技术学院',0,'51000000','四川省',0),(1984,'雅安职业技术学院',0,'51000000','四川省',0),(1985,'四川管理职业学院',0,'51000000','四川省',0),(1986,'四川工程职业技术学院',0,'51000000','四川省',0),(1987,'四川工商职业技术学院',0,'51000000','四川省',0),(1988,'乐山职业技术学院',0,'51000000','四川省',0),(1989,'四川邮电职业技术学院',0,'51000000','四川省',0),(1990,'四川航天职业技术学院',0,'51000000','四川省',0),(1991,'四川化工职业技术学院',0,'51000000','四川省',0),(1992,'四川水利职业技术学院',0,'51000000','四川省',0),(1993,'南充职业技术学院',0,'51000000','四川省',0),(1994,'四川建筑职业技术学院',0,'51000000','四川省',0),(1995,'四川文化产业职业学院',0,'51000000','四川省',0),(1996,'四川科技职业学院',0,'51000000','四川省',0),(1997,'四川机电职业技术学院',0,'51000000','四川省',0),(1998,'达州职业技术学院',0,'51000000','四川省',0),(1999,'四川交通职业技术学院',0,'51000000','四川省',0),(2000,'四川文化传媒职业学院',0,'51000000','四川省',0),(2001,'四川司法警官职业学院',0,'51000000','四川省',0),(2002,'四川警安职业学院',0,'51000000','四川省',0),(2003,'四川信息职业技术学院',0,'51000000','四川省',0),(2004,'广安职业技术学院',0,'51000000','四川省',0),(2005,'四川商务职业学院',0,'51000000','四川省',0),(2006,'绵阳职业技术学院',0,'51000000','四川省',0),(2007,'四川财经职业学院',0,'51000000','四川省',0),(2008,'四川艺术职业学院',0,'51000000','四川省',0),(2009,'四川城市职业学院',0,'51000000','四川省',0),(2010,'四川现代职业学院',0,'51000000','四川省',0),(2011,'电子科技大学成都学院',0,'51000000','四川省',0),(2012,'成都理工大学工程技术学院',0,'51000000','四川省',0),(2013,'成都理工大学广播影视学院',0,'51000000','四川省',0),(2014,'成都信息工程学院银杏酒店管理学院',0,'51000000','四川省',0),(2015,'四川师范大学文理学院',0,'51000000','四川省',0),(2016,'四川师范大学成都学院',0,'51000000','四川省',0),(2017,'四川外语学院成都学院',0,'51000000','四川省',0),(2018,'四川大学锦城学院',0,'51000000','四川省',0),(2019,'西南财经大学天府学院',0,'51000000','四川省',0),(2020,'四川大学锦江学院',0,'51000000','四川省',0),(2021,'四川音乐学院绵阳艺术学院',0,'51000000','四川省',0),(2022,'西南科技大学城市学院',0,'51000000','四川省',0),(2023,'中国工程物理研究院职工工学院',0,'51000000','四川省',0),(2024,'四川教育学院',0,'51000000','四川省',0),(2025,'贵州大学',0,'52000000','贵州省',0),(2026,'贵州师范大学',0,'52000000','贵州省',0),(2027,'贵阳医学院',0,'52000000','贵州省',0),(2028,'遵义医学院',0,'52000000','贵州省',0),(2029,'贵阳中医学院',0,'52000000','贵州省',0),(2030,'毕节学院',0,'52000000','贵州省',0),(2031,'遵义师范学院',0,'52000000','贵州省',0),(2032,'黔南民族师范学院',0,'52000000','贵州省',0),(2033,'贵州财经学院',0,'52000000','贵州省',0),(2034,'贵州民族学院',0,'52000000','贵州省',0),(2035,'安顺学院',0,'52000000','贵州省',0),(2036,'凯里学院',0,'52000000','贵州省',0),(2037,'贵阳学院',0,'52000000','贵州省',0),(2038,'铜仁学院',0,'52000000','贵州省',0),(2039,'黔南民族医学高等专科学校',0,'52000000','贵州省',0),(2040,'遵义医药高等专科学校',0,'52000000','贵州省',0),(2041,'六盘水师范高等专科学校',0,'52000000','贵州省',0),(2042,'黔西南民族师范高等专科学校',0,'52000000','贵州省',0),(2043,'贵州商业高等专科学校',0,'52000000','贵州省',0),(2044,'贵州警官职业学院',0,'52000000','贵州省',0),(2045,'贵州交通职业技术学院',0,'52000000','贵州省',0),(2046,'贵州航天职业技术学院',0,'52000000','贵州省',0),(2047,'贵州电子信息职业技术学院',0,'52000000','贵州省',0),(2048,'贵州亚泰职业学院',0,'52000000','贵州省',0),(2049,'贵阳护理职业学院',0,'52000000','贵州省',0),(2050,'黔西南民族职业技术学院',0,'52000000','贵州省',0),(2051,'贵州轻工职业技术学院',0,'52000000','贵州省',0),(2052,'贵州科技工程职业学院',0,'52000000','贵州省',0),(2053,'贵州电力职业技术学院',0,'52000000','贵州省',0),(2054,'铜仁职业技术学院',0,'52000000','贵州省',0),(2055,'遵义职业技术学院',0,'52000000','贵州省',0),(2056,'安顺职业技术学院',0,'52000000','贵州省',0),(2057,'黔东南民族职业技术学院',0,'52000000','贵州省',0),(2058,'黔南民族职业技术学院',0,'52000000','贵州省',0),(2059,'六盘水职业技术学院',0,'52000000','贵州省',0),(2060,'贵阳职业技术学院',0,'52000000','贵州省',0),(2061,'毕节职业技术学院',0,'52000000','贵州省',0),(2062,'贵州大学科技学院',0,'52000000','贵州省',0),(2063,'贵州大学明德学院',0,'52000000','贵州省',0),(2064,'贵阳中医学院时珍学院',0,'52000000','贵州省',0),(2065,'遵义医学院医学与科技学院',0,'52000000','贵州省',0),(2066,'贵阳医学院神奇民族医药学院',0,'52000000','贵州省',0),(2067,'贵州师范大学求是学院',0,'52000000','贵州省',0),(2068,'贵州财经学院商务学院',0,'52000000','贵州省',0),(2069,'贵州民族学院人文科技学院',0,'52000000','贵州省',0),(2070,'贵州教育学院',0,'52000000','贵州省',0),(2071,'云南大学',0,'53000000','云南省',0),(2072,'昆明理工大学',0,'53000000','云南省',0),(2073,'云南农业大学',0,'53000000','云南省',0),(2074,'云南师范大学',0,'53000000','云南省',0),(2075,'云南财经大学',0,'53000000','云南省',0),(2076,'云南民族大学',0,'53000000','云南省',0),(2077,'西南林学院',0,'53000000','云南省',0),(2078,'昆明医学院',0,'53000000','云南省',0),(2079,'云南中医学院',0,'53000000','云南省',0),(2080,'曲靖师范学院',0,'53000000','云南省',0),(2081,'玉溪师范学院',0,'53000000','云南省',0),(2082,'楚雄师范学院',0,'53000000','云南省',0),(2083,'红河学院',0,'53000000','云南省',0),(2084,'云南警官学院',0,'53000000','云南省',0),(2085,'云南艺术学院',0,'53000000','云南省',0),(2086,'大理学院',0,'53000000','云南省',0),(2087,'昆明学院',0,'53000000','云南省',0),(2088,'昆明冶金高等专科学校',0,'53000000','云南省',0),(2089,'云南医学高等专科学校',0,'53000000','云南省',0),(2090,'保山中医药高等专科学校',0,'53000000','云南省',0),(2091,'曲靖医学高等专科学校',0,'53000000','云南省',0),(2092,'楚雄医药高等专科学校',0,'53000000','云南省',0),(2093,'昭通师范高等专科学校',0,'53000000','云南省',0),(2094,'文山师范高等专科学校',0,'53000000','云南省',0),(2095,'保山师范高等专科学校',0,'53000000','云南省',0),(2096,'思茅师范高等专科学校',0,'53000000','云南省',0),(2097,'临沧师范高等专科学校',0,'53000000','云南省',0),(2098,'德宏师范高等专科学校',0,'53000000','云南省',0),(2099,'丽江师范高等专科学校',0,'53000000','云南省',0),(2100,'云南林业职业技术学院',0,'53000000','云南省',0),(2101,'云南体育运动职业技术学院',0,'53000000','云南省',0),(2102,'云南爱因森软件职业学院',0,'53000000','云南省',0),(2103,'云南新兴职业学院',0,'53000000','云南省',0),(2104,'昆明工业职业技术学院',0,'53000000','云南省',0),(2105,'云南经济管理职业学院',0,'53000000','云南省',0),(2106,'云南交通职业技术学院',0,'53000000','云南省',0),(2107,'云南文化艺术职业学院',0,'53000000','云南省',0),(2108,'云南热带作物职业学院',0,'53000000','云南省',0),(2109,'云南农业职业技术学院',0,'53000000','云南省',0),(2110,'云南机电职业技术学院',0,'53000000','云南省',0),(2111,'云南北美职业学院',0,'53000000','云南省',0),(2112,'云南能源职业技术学院',0,'53000000','云南省',0),(2113,'西双版纳职业技术学院',0,'53000000','云南省',0),(2114,'昆明艺术职业学院',0,'53000000','云南省',0),(2115,'玉溪农业职业技术学院',0,'53000000','云南省',0),(2116,'云南司法警官职业学院',0,'53000000','云南省',0),(2117,'云南国土资源职业学院',0,'53000000','云南省',0),(2118,'云南科技信息职业学院',0,'53000000','云南省',0),(2119,'昆明扬帆职业技术学院',0,'53000000','云南省',0),(2120,'云南国防工业职业技术学院',0,'53000000','云南省',0),(2121,'云南锡业职业技术学院',0,'53000000','云南省',0),(2122,'云南大学滇池学院',0,'53000000','云南省',0),(2123,'云南大学旅游文化学院',0,'53000000','云南省',0),(2124,'昆明理工大学津桥学院',0,'53000000','云南省',0),(2125,'云南师范大学商学院',0,'53000000','云南省',0),(2126,'云南师范大学文理学院',0,'53000000','云南省',0),(2127,'昆明医学院海源学院',0,'53000000','云南省',0),(2128,'云南艺术学院文华学院',0,'53000000','云南省',0),(2129,'西藏大学',0,'54000000','西藏',0),(2130,'西藏藏医学院',0,'54000000','西藏',0),(2131,'西藏民族学院',0,'54000000','西藏',0),(2132,'拉萨师范高等专科学校',0,'54000000','西藏',0),(2133,'西藏警官高等专科学校',0,'54000000','西藏',0),(2134,'西藏职业技术学院',0,'54000000','西藏',0),(2135,'西安交通大学',0,'61000000','陕西省',0),(2136,'长安大学',0,'61000000','陕西省',0),(2137,'西安电子科技大学',0,'61000000','陕西省',0),(2138,'西北农林科技大学',0,'61000000','陕西省',0),(2139,'陕西师范大学',0,'61000000','陕西省',0),(2140,'西北工业大学',0,'61000000','陕西省',0),(2141,'西北大学',0,'61000000','陕西省',0),(2142,'延安大学',0,'61000000','陕西省',0),(2143,'西安理工大学',0,'61000000','陕西省',0),(2144,'西安建筑科技大学',0,'61000000','陕西省',0),(2145,'西安科技大学',0,'61000000','陕西省',0),(2146,'西安石油大学',0,'61000000','陕西省',0),(2147,'西安工程大学',0,'61000000','陕西省',0),(2148,'西安工业大学',0,'61000000','陕西省',0),(2149,'西安外国语大学',0,'61000000','陕西省',0),(2150,'陕西科技大学',0,'61000000','陕西省',0),(2151,'西安邮电学院',0,'61000000','陕西省',0),(2152,'陕西中医学院',0,'61000000','陕西省',0),(2153,'西安医学院',0,'61000000','陕西省',0),(2154,'宝鸡文理学院',0,'61000000','陕西省',0),(2155,'咸阳师范学院',0,'61000000','陕西省',0),(2156,'渭南师范学院',0,'61000000','陕西省',0),(2157,'陕西理工学院',0,'61000000','陕西省',0),(2158,'榆林学院',0,'61000000','陕西省',0),(2159,'西安财经学院',0,'61000000','陕西省',0),(2160,'西北政法大学',0,'61000000','陕西省',0),(2161,'西安体育学院',0,'61000000','陕西省',0),(2162,'西安美术学院',0,'61000000','陕西省',0),(2163,'西安音乐学院',0,'61000000','陕西省',0),(2164,'西安文理学院',0,'61000000','陕西省',0),(2165,'西京学院',0,'61000000','陕西省',0),(2166,'商洛学院',0,'61000000','陕西省',0),(2167,'西安翻译学院',0,'61000000','陕西省',0),(2168,'西安培华学院',0,'61000000','陕西省',0),(2169,'安康学院',0,'61000000','陕西省',0),(2170,'西安欧亚学院',0,'61000000','陕西省',0),(2171,'西安外事学院',0,'61000000','陕西省',0),(2172,'西安思源学院',0,'61000000','陕西省',0),(2173,'陕西国际商贸学院',0,'61000000','陕西省',0),(2174,'西安电力高等专科学校',0,'61000000','陕西省',0),(2175,'西安航空技术高等专科学校',0,'61000000','陕西省',0),(2176,'陕西工业职业技术学院',0,'61000000','陕西省',0),(2177,'杨凌职业技术学院',0,'61000000','陕西省',0),(2178,'西安东方亚太职业技术学院',0,'61000000','陕西省',0),(2179,'延安职业技术学院',0,'61000000','陕西省',0),(2180,'汉中职业技术学院',0,'61000000','陕西省',0),(2181,'商洛职业技术学院',0,'61000000','陕西省',0),(2182,'西安职业技术学院',0,'61000000','陕西省',0),(2183,'咸阳职业技术学院',0,'61000000','陕西省',0),(2184,'陕西经济管理职业技术学院',0,'61000000','陕西省',0),(2185,'西安铁路职业技术学院',0,'61000000','陕西省',0),(2186,'陕西服装艺术职业学院',0,'61000000','陕西省',0),(2187,'陕西邮电职业技术学院',0,'61000000','陕西省',0),(2188,'西安高新科技职业学院',0,'61000000','陕西省',0),(2189,'西安三资职业学院',0,'61000000','陕西省',0),(2190,'宝鸡职业技术学院',0,'61000000','陕西省',0),(2191,'陕西航空职业技术学院',0,'61000000','陕西省',0),(2192,'陕西电子信息职业技术学院',0,'61000000','陕西省',0),(2193,'西安科技商贸职业学院',0,'61000000','陕西省',0),(2194,'陕西电子科技职业学院',0,'61000000','陕西省',0),(2195,'陕西财经职业技术学院',0,'61000000','陕西省',0),(2196,'陕西交通职业技术学院',0,'61000000','陕西省',0),(2197,'陕西铁路工程职业技术学院',0,'61000000','陕西省',0),(2198,'陕西能源职业技术学院',0,'61000000','陕西省',0),(2199,'陕西职业技术学院',0,'61000000','陕西省',0),(2200,'西安航空职业技术学院',0,'61000000','陕西省',0),(2201,'西安汽车科技职业学院',0,'61000000','陕西省',0),(2202,'陕西旅游烹饪职业学院',0,'61000000','陕西省',0),(2203,'西安海棠职业学院',0,'61000000','陕西省',0),(2204,'陕西纺织服装职业技术学院',0,'61000000','陕西省',0),(2205,'陕西青年职业学院',0,'61000000','陕西省',0),(2206,'铜川职业技术学院',0,'61000000','陕西省',0),(2207,'陕西警官职业学院',0,'61000000','陕西省',0),(2208,'安康职业技术学院',0,'61000000','陕西省',0),(2209,'渭南职业技术学院',0,'61000000','陕西省',0),(2210,'陕西国防工业职业技术学院',0,'61000000','陕西省',0),(2211,'西安交通大学城市学院',0,'61000000','陕西省',0),(2212,'西北大学现代学院',0,'61000000','陕西省',0),(2213,'西安建筑科技大学华清学院',0,'61000000','陕西省',0),(2214,'西安财经学院行知学院',0,'61000000','陕西省',0),(2215,'陕西科技大学镐京学院',0,'61000000','陕西省',0),(2216,'西安工业大学北方信息工程学院',0,'61000000','陕西省',0),(2217,'延安大学西安创新学院',0,'61000000','陕西省',0),(2218,'西安电子科技大学长安学院',0,'61000000','陕西省',0),(2219,'西北工业大学明德学院',0,'61000000','陕西省',0),(2220,'长安大学兴华学院',0,'61000000','陕西省',0),(2221,'西安理工大学高科学院',0,'61000000','陕西省',0),(2222,'西安科技大学高新学院',0,'61000000','陕西省',0),(2223,'陕西工运学院',0,'61000000','陕西省',0),(2224,'陕西航天职工大学',0,'61000000','陕西省',0),(2225,'西安航空职工大学',0,'61000000','陕西省',0),(2226,'西安飞机工业公司职工工学院',0,'61000000','陕西省',0),(2227,'西安铁路工程职工大学',0,'61000000','陕西省',0),(2228,'西安电力机械制造公司机电学院',0,'61000000','陕西省',0),(2229,'陕西省建筑工程总公司职工大学',0,'61000000','陕西省',0),(2230,'西安外贸职工大学',0,'61000000','陕西省',0),(2231,'陕西教育学院',0,'61000000','陕西省',0),(2232,'兰州大学',0,'62000000','甘肃省',0),(2233,'西北民族大学',0,'62000000','甘肃省',0),(2234,'兰州理工大学',0,'62000000','甘肃省',0),(2235,'兰州交通大学',0,'62000000','甘肃省',0),(2236,'甘肃农业大学',0,'62000000','甘肃省',0),(2237,'西北师范大学',0,'62000000','甘肃省',0),(2238,'甘肃中医学院',0,'62000000','甘肃省',0),(2239,'天水师范学院',0,'62000000','甘肃省',0),(2240,'陇东学院',0,'62000000','甘肃省',0),(2241,'兰州商学院',0,'62000000','甘肃省',0),(2242,'甘肃政法学院',0,'62000000','甘肃省',0),(2243,'兰州城市学院',0,'62000000','甘肃省',0),(2244,'河西学院',0,'62000000','甘肃省',0),(2245,'兰州工业高等专科学校',0,'62000000','甘肃省',0),(2246,'张掖医学高等专科学校',0,'62000000','甘肃省',0),(2247,'平凉医学高等专科学校',0,'62000000','甘肃省',0),(2248,'合作民族师范高等专科学校',0,'62000000','甘肃省',0),(2249,'陇南师范高等专科学校',0,'62000000','甘肃省',0),(2250,'定西师范高等专科学校',0,'62000000','甘肃省',0),(2251,'甘肃联合大学',0,'62000000','甘肃省',0),(2252,'兰州石化职业技术学院',0,'62000000','甘肃省',0),(2253,'兰州外语职业学院',0,'62000000','甘肃省',0),(2254,'甘肃农业职业技术学院',0,'62000000','甘肃省',0),(2255,'甘肃畜牧工程职业技术学院',0,'62000000','甘肃省',0),(2256,'兰州资源环境职业技术学院',0,'62000000','甘肃省',0),(2257,'兰州职业技术学院',0,'62000000','甘肃省',0),(2258,'酒泉职业技术学院',0,'62000000','甘肃省',0),(2259,'甘肃警察职业学院',0,'62000000','甘肃省',0),(2260,'甘肃林业职业技术学院',0,'62000000','甘肃省',0),(2261,'甘肃交通职业技术学院',0,'62000000','甘肃省',0),(2262,'武威职业学院',0,'62000000','甘肃省',0),(2263,'甘肃建筑职业技术学院',0,'62000000','甘肃省',0),(2264,'甘肃工业职业技术学院',0,'62000000','甘肃省',0),(2265,'甘肃钢铁职业技术学院',0,'62000000','甘肃省',0),(2266,'西北师范大学知行学院',0,'62000000','甘肃省',0),(2267,'兰州商学院陇桥学院',0,'62000000','甘肃省',0),(2268,'兰州交通大学博文学院',0,'62000000','甘肃省',0),(2269,'兰州商学院长青学院',0,'62000000','甘肃省',0),(2270,'兰州理工大学技术工程学院',0,'62000000','甘肃省',0),(2271,'甘肃机械电子职工大学',0,'62000000','甘肃省',0),(2272,'白银有色金属公司职工大学',0,'62000000','甘肃省',0),(2273,'兰州教育学院',0,'62000000','甘肃省',0),(2274,'兰州航空工业职工大学',0,'62000000','甘肃省',0),(2275,'兰州铁路工程职工大学',0,'62000000','甘肃省',0),(2276,'青海大学',0,'63000000','青海省',0),(2277,'青海师范大学',0,'63000000','青海省',0),(2278,'青海民族学院',0,'63000000','青海省',0),(2279,'青海畜牧兽医职业技术学院',0,'63000000','青海省',0),(2280,'青海卫生职业技术学院',0,'63000000','青海省',0),(2281,'青海建筑职业技术学院',0,'63000000','青海省',0),(2282,'青海警官职业学院',0,'63000000','青海省',0),(2283,'青海交通职业技术学院',0,'63000000','青海省',0),(2284,'青海大学昆仑学院',0,'63000000','青海省',0),(2285,'宁夏大学',0,'64000000','宁夏',0),(2286,'北方民族大学',0,'64000000','宁夏',0),(2287,'宁夏理工学院',0,'64000000','宁夏',0),(2288,'宁夏医学院',0,'64000000','宁夏',0),(2289,'宁夏师范学院',0,'64000000','宁夏',0),(2290,'宁夏职业技术学院',0,'64000000','宁夏',0),(2291,'宁夏建设职业技术学院',0,'64000000','宁夏',0),(2292,'宁夏司法警官职业学院',0,'64000000','宁夏',0),(2293,'宁夏财经职业技术学院',0,'64000000','宁夏',0),(2294,'宁夏工业职业学院',0,'64000000','宁夏',0),(2295,'银川科技职业学院',0,'64000000','宁夏',0),(2296,'宁夏民族职业技术学院',0,'64000000','宁夏',0),(2297,'宁夏工商职业技术学院',0,'64000000','宁夏',0),(2298,'宁夏大学新华学院',0,'64000000','宁夏',0),(2299,'新疆大学',0,'65000000','新疆',0),(2300,'石河子大学',0,'65000000','新疆',0),(2301,'新疆农业大学',0,'65000000','新疆',0),(2302,'塔里木大学',0,'65000000','新疆',0),(2303,'新疆医科大学',0,'65000000','新疆',0),(2304,'新疆师范大学',0,'65000000','新疆',0),(2305,'喀什师范学院',0,'65000000','新疆',0),(2306,'伊犁师范学院',0,'65000000','新疆',0),(2307,'新疆财经大学',0,'65000000','新疆',0),(2308,'新疆艺术学院',0,'65000000','新疆',0),(2309,'昌吉学院',0,'65000000','新疆',0),(2310,'新疆工业高等专科学校',0,'65000000','新疆',0),(2311,'新疆维吾尔医学专科学校',0,'65000000','新疆',0),(2312,'和田师范专科学校',0,'65000000','新疆',0),(2313,'新疆兵团警官高等专科学校',0,'65000000','新疆',0),(2314,'新疆警官高等专科学校',0,'65000000','新疆',0),(2315,'乌鲁木齐职业大学',0,'65000000','新疆',0),(2316,'新疆机电职业技术学院',0,'65000000','新疆',0),(2317,'新疆轻工职业技术学院',0,'65000000','新疆',0),(2318,'克拉玛依职业技术学院',0,'65000000','新疆',0),(2319,'新疆农业职业技术学院',0,'65000000','新疆',0),(2320,'新疆建设职业技术学院',0,'65000000','新疆',0),(2321,'伊犁职业技术学院',0,'65000000','新疆',0),(2322,'新疆能源职业技术学院',0,'65000000','新疆',0),(2323,'昌吉职业技术学院',0,'65000000','新疆',0),(2324,'阿克苏职业技术学院',0,'65000000','新疆',0),(2325,'新疆天山职业技术学院',0,'65000000','新疆',0),(2326,'新疆石河子职业技术学院',0,'65000000','新疆',0),(2327,'新疆交通职业技术学院',0,'65000000','新疆',0),(2328,'新疆现代职业技术学院',0,'65000000','新疆',0),(2329,'巴音郭楞职业技术学院',0,'65000000','新疆',0),(2330,'新疆职业大学',0,'65000000','新疆',0),(2331,'新疆大学科学技术学院',0,'65000000','新疆',0),(2332,'新疆农业大学科学技术学院',0,'65000000','新疆',0),(2333,'新疆财经大学商务学院',0,'65000000','新疆',0),(2334,'新疆医科大学厚博学院',0,'65000000','新疆',0),(2335,'新疆教育学院',0,'65000000','新疆',0);
/*!40000 ALTER TABLE `fanwe_college` ENABLE KEYS */;
UNLOCK TABLES;

--
-- Table structure for table `fanwe_conf`
--

DROP TABLE IF EXISTS `fanwe_conf`;
/*!40101 SET @saved_cs_client     = @@character_set_client */;
/*!40101 SET character_set_client = utf8 */;
CREATE TABLE `fanwe_conf` (
  `id` int(11) NOT NULL AUTO_INCREMENT,
  `name` varchar(255) NOT NULL,
  `value` text NOT NULL,
  `group_id` int(11) NOT NULL,
  `input_type` tinyint(1) NOT NULL COMMENT '?????????????? 0:?ı????? 1:???????? 2:ͼƬ?ϴ? 3:?༭??',
  `value_scope` text NOT NULL COMMENT 'ȡֵ??Χ',
  `is_effect` tinyint(1) NOT NULL,
  `is_conf` tinyint(1) NOT NULL COMMENT '?Ƿ??????? 0: ??????  1:????????',
  `sort` int(11) NOT NULL,
  PRIMARY KEY (`id`)
) ENGINE=MyISAM AUTO_INCREMENT=177 DEFAULT CHARSET=utf8;
/*!40101 SET character_set_client = @saved_cs_client */;

--
-- Dumping data for table `fanwe_conf`
--

LOCK TABLES `fanwe_conf` WRITE;
/*!40000 ALTER TABLE `fanwe_conf` DISABLE KEYS */;
INSERT INTO `fanwe_conf` VALUES (1,'DEFAULT_ADMIN','admin',1,0,'',1,0,0),(2,'URL_MODEL','0',1,1,'0,1',1,1,3),(3,'AUTH_KEY','fanwe',1,0,'',1,1,4),(4,'TIME_ZONE','8',1,1,'0,8',1,1,1),(5,'ADMIN_LOG','1',1,1,'0,1',0,1,0),(6,'DB_VERSION','1.0',0,0,'',1,0,0),(7,'DB_VOL_MAXSIZE','8000000',1,0,'',1,1,11),(8,'WATER_MARK','./public/attachment/201303/23/20/514d9f52929ca.png',2,2,'',1,1,48),(10,'BIG_WIDTH','500',2,0,'',0,0,49),(11,'BIG_HEIGHT','500',2,0,'',0,0,50),(12,'SMALL_WIDTH','200',2,0,'',0,0,51),(13,'SMALL_HEIGHT','200',2,0,'',0,0,52),(14,'WATER_ALPHA','75',2,0,'',1,1,53),(15,'WATER_POSITION','5',2,1,'1,2,3,4,5',1,1,54),(16,'MAX_IMAGE_SIZE','3000000',2,0,'',1,1,55),(17,'ALLOW_IMAGE_EXT','jpg,gif,png',2,0,'',1,1,56),(18,'BG_COLOR','#ffffff',2,0,'',0,0,57),(19,'IS_WATER_MARK','1',2,1,'0,1',1,1,58),(20,'TEMPLATE','fanwe',1,0,'',1,1,17),(21,'SITE_LOGO','./public/attachment/201504/01/10/551b54965c3e5.png',1,2,'',1,1,19),(173,'SEO_TITLE','预购一个梦想',1,0,'',1,1,20),(25,'REPLY_ADDRESS','info@fanwe.com',3,0,'',1,1,77),(23,'MAIL_ON','1',3,1,'0,1',1,1,72),(24,'SMS_ON','0',3,1,'0,1',1,1,78),(26,'PUBLIC_DOMAIN_ROOT','',2,0,'',1,1,59),(27,'APP_MSG_SENDER_OPEN','0',1,1,'0,1',1,1,9),(28,'ADMIN_MSG_SENDER_OPEN','0',1,1,'0,1',1,1,10),(29,'GZIP_ON','0',1,1,'0,1',1,1,2),(42,'SITE_NAME','方维众筹',1,0,'',1,1,1),(30,'CACHE_ON','0',1,1,'0,1',1,1,7),(31,'EXPIRED_TIME','0',1,0,'',1,1,5),(32,'TMPL_DOMAIN_ROOT','',2,0,'0',0,0,62),(33,'CACHE_TYPE','File',1,1,'File,Xcache,Memcached',1,1,7),(34,'MEMCACHE_HOST','127.0.0.1:11211',1,0,'',1,1,8),(35,'IMAGE_USERNAME','admin',2,0,'',1,1,60),(36,'IMAGE_PASSWORD','admin',2,4,'',1,1,61),(37,'DEAL_MSG_LOCK','0',0,0,'',0,0,0),(38,'SEND_SPAN','2',1,0,'',1,1,85),(39,'TMPL_CACHE_ON','0',1,1,'0,1',1,1,6),(40,'DOMAIN_ROOT','',1,0,'',1,0,10),(41,'COOKIE_PATH','/',1,0,'',1,1,10),(43,'INTEGRATE_CFG','',0,0,'',1,0,0),(44,'INTEGRATE_CODE','',0,0,'',1,0,0),(172,'PAY_RADIO','0.1',3,0,'',1,1,10),(176,'SITE_LICENSE','<a href=http://www.souho.net target=_blank>搜虎精品社区</a> | <a href=http://vip.souho.net target=_blank>极品商业源码</a> | <a href=http://idc.souho.net target=_blank>搜虎精品社区空间、域名</a> | <a href=http://vip.souho.net/templates/Korea/ target=_blank>90G韩国豪华商业模版</a> | <a href=http://tool.souho.net/ target=_blank>站长工具箱</a>',1,0,'',1,1,22),(174,'SEO_KEYWORD','SEO关键词',1,0,'',1,1,21),(175,'SEO_DESCRIPTION','SEO描述',1,0,'',1,1,22);
/*!40000 ALTER TABLE `fanwe_conf` ENABLE KEYS */;
UNLOCK TABLES;

--
-- Table structure for table `fanwe_deal`
--

DROP TABLE IF EXISTS `fanwe_deal`;
/*!40101 SET @saved_cs_client     = @@character_set_client */;
/*!40101 SET character_set_client = utf8 */;
CREATE TABLE `fanwe_deal` (
  `id` int(11) NOT NULL AUTO_INCREMENT,
  `name` varchar(255) NOT NULL,
  `name_match` text NOT NULL,
  `name_match_row` text NOT NULL,
  `image` varchar(255) NOT NULL,
  `deal_days` int(11) NOT NULL COMMENT '工作日子',
  `begin_time` int(11) NOT NULL,
  `end_time` int(11) NOT NULL,
  `is_effect` tinyint(1) NOT NULL,
  `sex` tinyint(1) NOT NULL DEFAULT '2',
  `worktime` varchar(255) NOT NULL,
  `workdays` varchar(255) NOT NULL,
  `contact` int(25) NOT NULL,
  `location` varchar(255) NOT NULL,
  `limit_price` double(20,2) NOT NULL COMMENT '保底工资',
  `pay_way` varchar(50) NOT NULL COMMENT '支付工资方式',
  `settlement` varchar(255) NOT NULL COMMENT '结算方式',
  `description` text NOT NULL,
  `comment_count` int(11) NOT NULL,
  `sign_count` int(11) NOT NULL COMMENT '报名人数',
  `focus_count` int(11) NOT NULL,
  `view_count` int(11) NOT NULL,
  `log_count` int(11) NOT NULL,
  `create_time` int(11) NOT NULL COMMENT '发布时间，也是开始时间',
  `seo_title` text NOT NULL,
  `seo_keyword` text NOT NULL,
  `seo_description` text NOT NULL,
  `tags` text NOT NULL,
  `tags_match` text NOT NULL,
  `tags_match_row` text NOT NULL,
  `success_time` int(11) NOT NULL COMMENT '招满人数的时间',
  `is_success` tinyint(1) NOT NULL DEFAULT '0' COMMENT '判断是否招满(商家决定)',
  `if_interview` tinyint(1) NOT NULL DEFAULT '0',
  `interview_time` varchar(255) NOT NULL COMMENT '面试时间',
  `interview_loc` varchar(255) NOT NULL COMMENT '面试地点',
  `interviewer` varchar(255) NOT NULL,
  `interview_contact` varchar(255) NOT NULL,
  `cate_id` int(11) NOT NULL,
  `province` varchar(255) NOT NULL,
  `city` varchar(255) NOT NULL,
  `user_id` int(11) NOT NULL,
  `sort` int(11) NOT NULL,
  `user_name` varchar(255) NOT NULL,
  `is_recommend` tinyint(1) NOT NULL COMMENT '?Ƽ???Ŀ',
  `is_classic` tinyint(1) NOT NULL COMMENT '??????Ŀ',
  `is_delete` tinyint(1) NOT NULL,
  `company` varchar(255) NOT NULL,
  `limit_applicant` int(11) NOT NULL,
  `job` tinyint(1) NOT NULL COMMENT '职位分类,兼职和全职',
  PRIMARY KEY (`id`),
  KEY `begin_time` (`begin_time`),
  KEY `end_time` (`end_time`),
  KEY `is_effect` (`is_effect`),
  KEY `limit_price` (`limit_price`),
  KEY `comment_count` (`comment_count`),
  KEY `support_count` (`sign_count`),
  KEY `focus_count` (`focus_count`),
  KEY `view_count` (`view_count`),
  KEY `log_count` (`log_count`),
  KEY `create_time` (`create_time`),
  KEY `is_success` (`is_success`),
  KEY `cate_id` (`cate_id`),
  KEY `sort` (`sort`),
  KEY `is_recommend` (`is_recommend`),
  KEY `is_classic` (`is_classic`),
  KEY `is_delete` (`is_delete`),
  FULLTEXT KEY `tags_match` (`tags_match`),
  FULLTEXT KEY `name_match` (`name_match`)
) ENGINE=MyISAM AUTO_INCREMENT=77 DEFAULT CHARSET=utf8;
/*!40101 SET character_set_client = @saved_cs_client */;

--
-- Dumping data for table `fanwe_deal`
--

LOCK TABLES `fanwe_deal` WRITE;
/*!40000 ALTER TABLE `fanwe_deal` DISABLE KEYS */;
INSERT INTO `fanwe_deal` VALUES (55,'原创DIY桌面游戏《功夫》《黄金密码》期待您的支持','ux21151ux22827,ux26700ux38754,ux26399ux24453,ux23494ux30721,ux40644ux37329,ux25903ux25345,ux21407ux21019,ux28216ux25103,ux68ux73ux89,ux21407ux21019ux68ux73ux89ux26700ux38754ux28216ux25103ux12298ux21151ux22827ux12299ux12298ux40644ux37329ux23494ux30721ux12299ux26399ux24453ux24744ux30340ux25903ux25345,ux21407ux21019ux68ux73ux89ux26700ux38754ux28216ux25103ux12298ux21151ux22827ux12299ux12298ux40644ux37329ux23494ux30721ux12299ux26399ux24453ux24744ux30340ux25903ux25345,ux21407ux21019ux68ux73ux89ux26700ux38754ux28216ux25103ux12298ux21151ux22827ux12299ux12298ux40644ux37329ux23494ux30721ux12299ux26399ux24453ux24744ux30340ux25903ux25345,ux21407ux21019ux68ux73ux89ux26700ux38754ux28216ux25103ux12298ux21151ux22827ux12299ux12298ux40644ux37329ux23494ux30721ux12299ux26399ux24453ux24744ux30340ux25903ux25345,ux21407ux21019ux68ux73ux89ux26700ux38754ux28216ux25103ux12298ux21151ux22827ux12299ux12298ux40644ux37329ux23494ux30721ux12299ux26399ux24453ux24744ux30340ux25903ux25345','功夫,桌面,期待,密码,黄金,支持,原创,游戏,DIY,原创DIY桌面游戏《功夫》《黄金密码》期待您的支持,原创DIY桌面游戏《功夫》《黄金密码》期待您的支持,原创DIY桌面游戏《功夫》《黄金密码》期待您的支持,原创DIY桌面游戏《功夫》《黄金密码》期待您的支持,原创DIY桌面游戏《功夫》《黄金密码》期待您的支持','./public/attachment/201211/07/10/021e2f6812298468cfab78cbd07b90ee85.jpg',15,1425928200,1427310600,1,2,'','',0,'',3000.00,'月','','这次给大家带来的是我们自己原创的两个桌面游戏《功夫》和《黄金密码》，由于我们并非专业的桌游制作公司，所以在游戏的美术、包装、宣传等方面都会存在一些不足。但本次带来的两个作品都是我们利用几乎所有的业余时间尽心尽力制作出来的，希望大家能够喜欢并支持我们！<p><br />\r\n</p>\r\n<h3>我想要做什么</h3>\r\n<p>&nbsp; 桌面游戏是一种健康的休闲方式，你不用整天面对电脑的辐射，同时也让你可以不再过度沉迷于虚拟的网络世界中。因为桌面游戏方式的特殊性，能使你更加注重加强与人面对面的交流，提高自己的语言和沟通能力，还可以在现实生活中用这种轻松愉快的休闲方式结交更多的朋友。</p>\r\n<p>&nbsp;&nbsp;&nbsp;&nbsp;我们就是这样一群喜爱桌游，同时喜欢设计桌游的年轻人，我们并非专业的桌游制作团队，我们只是凭着对桌游的爱好开始了对桌游设计的探索。我们希望通过努力，将桌游的快乐带给更多喜欢轻松休闲、热爱生活的朋友。但是，我们的资金及能力有限，需要得到大家的帮助与支持，才能实现这样的梦想。也希望您在支持我们的同时收获一份快乐和惊喜！</p>\r\n<p>&nbsp;</p>\r\n<p>&nbsp;&nbsp;&nbsp;&nbsp;我们这次将原创的桌面游戏《功夫》和《黄金密码》一起放到这里，希望得到大家的支持！&nbsp;&nbsp;</p>\r\n<p>&nbsp;</p>\r\n<p><br />\r\n<br />\r\n<br />\r\n</p>\r\n<p>游戏人数：2-4人</p>\r\n<p>适合年龄：8+</p>\r\n<p>游戏时间：10-30分钟</p>\r\n<p>游戏类型：手牌管理</p>\r\n<p>游戏背景：你在游戏中扮演一名武者，灵活运用你掌握的功夫（手牌）和装备（装备牌）对抗其他的武者并最终打败他们。</p>\r\n<p>游戏目标：扣除敌方所有人物的体力为胜。</p>\r\n游戏配件：69张动作牌（手牌）、6张道具牌、2张血量牌（需自行制作）<p><br />\r\n</p>\r\n<p><br />\r\n<br />\r\n</p>\r\n<p>游戏过程：游戏的每个回合分两个阶段，第一阶段为热身阶段，获得热身阶段胜利的玩家成为第二阶段（攻击阶段）的主导者，由他决定第二阶段如何进行。</p>\r\n<p>&nbsp;&nbsp;&nbsp;《功夫》用卡牌较好的模拟再现了格斗中的一些乐趣，比如热身阶段的猜招、攻击阶段一招一式的过招，同时结合手牌管理的一些特点，打出组合招式及连招，配合你获得的道具，最终战胜对手。在游戏过程中，当你取得一定的优势时，也不能掉以轻心，形式可能会因为你的任何一个破绽而发生逆转，这与格斗、搏击的情况十分相似。所以如何保持良好的心态，灵活的运用手牌才是这个游戏制胜的关键所在。（具体规则见最下方及本项目动态）</p>\r\n<p><br />\r\n</p>\r\n<p><br />\r\n</p>\r\n<p>游戏人数：3-4人</p>\r\n<p>适合年龄：8+</p>\r\n<p>游戏时间：20-40分钟</p>\r\n<p>游戏类型：逻辑推理、谜题设计</p>\r\n<p>游戏背景：二战时期，德军将一批黄金铸成金条，分别保存在3个金库里，并派重兵把守。为了得到这批黄金，美军重金收买了一个德军守卫为内奸，内奸成功获取了金库的密码破解方法，并将密码破解方法以暗号的形式告知了美军特工。但是，与此同时德军也发现了暗号，并且金库的守卫非常森严，解开金库密码的时间只有1分钟……玩家在这个游戏中分别扮演德军、德军内奸、美军特工。如何设计出德军看不懂，美军特工又能在1分钟内解出的暗号密码。就看你的表现啦！</p>\r\n<p>游戏目标：根据身份的不同，任务也不同。德军需解开密码保住金库，特工需设置密码阻止德军解密，美军需解开密码同时选择金库获得黄金。</p>\r\n<p>游戏配件：10张密码牌、12张空箱牌、24张黄金牌、沙漏1个、草稿纸和笔（自备）</p>\r\n<p>游戏过程：每人分别扮演一次特工、德军、美军，完成后计算每人所获得的黄金数量，黄金最多的玩家获胜。</p>\r\n<p><br />\r\n<br />\r\n</p>\r\n<p></p>\r\n',0,36,1,203,1,1425940556,'','','','功夫 桌面 期待 密码 黄金 支持 原创 游戏 DIY','ux21151ux22827,ux26700ux38754,ux26399ux24453,ux23494ux30721,ux40644ux37329,ux25903ux25345,ux21407ux21019,ux28216ux25103,ux68ux73ux89','功夫,桌面,期待,密码,黄金,支持,原创,游戏,DIY',0,0,0,'1','阳光职场','黄有为','18852950271',8,'福建','福州',17,0,'fanwe',1,1,0,'',0,0),(56,'拥有自己的咖啡馆','ux21654ux21857ux39302,ux25317ux26377,ux33258ux24049,ux25317ux26377ux33258ux24049ux30340ux21654ux21857ux39302','咖啡馆,拥有,自己,拥有自己的咖啡馆','./public/attachment/201211/07/11/40e44eb97b0ca5aed5148e59c2cc8dcb95.jpg',30,1351711495,1384975499,1,2,'','',0,'',5000.00,'日','','<h3>关于我</h3>\r\n<p>每个人心目中都有一个属于自己的咖啡馆<br />\r\n我们也是<br />\r\n但我们想要的咖啡馆，又不仅仅是咖啡馆<br />\r\n这里除了售卖咖啡和甜点，还有旅行的梦想<br />\r\n我们想要一个“窝”，一个无论在出发前还是归来后随时开放的地方<br />\r\n梦想着有一天<br />\r\n我们可以带着咖啡的香气出发<br />\r\n又满载着旅行的收获回到充满咖啡香气的小“窝”</p>\r\n<h3>我想要做什么</h3>\r\n<p>以图文并茂的方式简洁生动地说明你的项目，让大家一目了然，这会决定是否将你的项目描述继续看下去。建议不超过300字。<br />\r\n</p>\r\n<p><img src=\"./public/attachment/201211/07/16/0482ef5836f6745af0f59ff40d40805765o5700.jpg\" rel=\"0\" /><br />\r\n<br />\r\n<br />\r\n</p>\r\n<h3>为什么我需要你的支持</h3>\r\n<p>这是加分项。说说你的项目不同寻常的特色、资金用途、以及大家支持你的理由。这会让更多人能够支持你，不超过200个汉字。<br />\r\n<br />\r\n</p>\r\n<h3>我的承诺与回报</h3>\r\n让大家感到你对待项目的认真程度，鞭策你将项目执行最终成功。同时向大家展示一下你为支持者准备的回报，来吸引更多人支持你。<br />\r\n<br />\r\n<img src=\"./public/attachment/201211/07/16/2ae4c7149cfd31f12d91453713322f9076o5700.jpg\" rel=\"0\" /><br />\r\n<br />\r\n<br />',0,36,2,107,1,1352229954,'','','','咖啡馆 拥有 自己','ux21654ux21857ux39302,ux25317ux26377,ux33258ux24049','咖啡馆,拥有,自己',1352230293,1,0,'0','','','0',1,'北京','东城区',18,0,'fzmatthew',1,1,0,'',0,0),(57,'短片电影《Blind Love》','ux30701ux29255,ux30005ux24433,ux66ux108ux105ux110ux100,ux76ux111ux118ux101,ux30701ux29255ux30005ux24433ux12298ux66ux108ux105ux110ux100ux76ux111ux118ux101ux12299','短片,电影,Blind,Love,短片电影《Blind Love》','./public/attachment/201211/07/11/0c067c4522bba51595c324028be7070d11.jpg',30,1349034009,1383766813,1,2,'','',0,'',3000.00,'年','','<p>我叫武秋辰， 美国圣地亚哥大学影视专业硕士毕业。这是我在毕业后的第一部独立电影作品，讲述了一个关于盲人画家的唯美爱情故事。</p>\r\n <p>这是一个需要爱与被爱的世界，然而在我们面对这纷繁复杂多变的世界时，我们如何过滤掉那迷乱双眼的尘沙找到真爱？我们在爱中得救，在爱中迷失。我们过度相信我们用双眼所见的，却忘记听从内心最真的感受！<br />\r\n<br />\r\n</p>\r\n<p>我们一路奔跑、一路追逐，生活的洪流把我们涌向未来不确定的方向，我们有着一双能望穿苍穹的眼睛，却不断的迷失在路途中。如果有一天我们的双眼失去光明……<br />\r\n<br />\r\n</p>\r\n<p>真爱是否还遥远？<br />\r\n<br />\r\n</p>\r\n<p>导演武秋辰将用电影语言为我们讲述一位盲人画家的爱情故事，如同她所写道的：“我们视觉正常的人很容易被表象所迷惑，而我们的触觉，听觉和嗅觉却非常的精准，给我们带来更丰富的感知。”当我们不仅凭双眼去认识这个世界的时候，也许答案就在那里！<br />\r\n<br />\r\n</p>\r\n<p>为了使影片更富深入性、更具专业性，导演请来了好莱坞的职业演员，就连剧中的盲人画像也由美国著名画家OlyaLusina特为此片创作。<br />\r\n<br />\r\n</p>\r\n<p>该片不仅是一个远赴美国实现梦想的中国女孩的心血之作，同时也深刻展现了一个盲人心中的世界，从“他”的角度为因爱迷失的人们找到了一个诗意的出口。<br />\r\n<br />\r\n</p>\r\n<p>在这里，真诚地感谢您的关注！关注武秋辰和她的《BlindLove》！<br />\r\n<br />\r\n</p>\r\n<h3>自我介绍<br />\r\n</h3>\r\n<p>我是一个在美国学电影做电影的中国女孩。在美国圣地亚哥大学电影系求学的过程中，我学会了编剧，导演，拍摄和剪辑，参与了几十部电影的创作。“盲爱”是我在硕士毕业后自编自导的第一部独立电影作品。</p>\r\n<p><br />\r\n</p>\r\n<p><img src=\"./public/attachment/201211/07/16/148cb883cbb170735c331125a96c11e162o5700.jpg\" rel=\"0\" /><br />\r\n<br />\r\n</p>\r\n<p><br />\r\n</p>\r\n<p><img src=\"./public/attachment/201211/07/16/875016977d65ee2cc679ab0cfd7a7f6620o5700.jpg\" rel=\"0\" /><br />\r\n<br />\r\n<br />\r\n<br />\r\n</p>',0,28,1,86,1,1352230821,'','','','短片 电影 Blind Love','ux30701ux29255,ux30005ux24433,ux66ux108ux105ux110ux100,ux76ux111ux118ux101','短片,电影,Blind,Love',0,0,0,'0','','','0',3,'福建','福州',17,0,'fanwe',1,1,0,'',0,0),(58,'流浪猫的家—爱天使公益咖啡馆的重建需要大家的力量！','ux21654ux21857ux39302,ux37325ux24314,ux20844ux30410,ux27969ux28010,ux21147ux37327,ux38656ux35201,ux22825ux20351,ux22823ux23478,ux27969ux28010ux29483ux30340ux23478ux8212ux29233ux22825ux20351ux20844ux30410ux21654ux21857ux39302ux30340ux37325ux24314ux38656ux35201ux22823ux23478ux30340ux21147ux37327ux65281,ux27969ux28010ux29483ux30340ux23478ux8212ux29233ux22825ux20351ux20844ux30410ux21654ux21857ux39302ux30340ux37325ux24314ux38656ux35201ux22823ux23478ux30340ux21147ux37327ux65281,ux27969ux28010ux29483ux30340ux23478ux8212ux29233ux22825ux20351ux20844ux30410ux21654ux21857ux39302ux30340ux37325ux24314ux38656ux35201ux22823ux23478ux30340ux21147ux37327ux65281,ux27969ux28010ux29483ux30340ux23478ux8212ux29233ux22825ux20351ux20844ux30410ux21654ux21857ux39302ux30340ux37325ux24314ux38656ux35201ux22823ux23478ux30340ux21147ux37327ux65281,ux27969ux28010ux29483ux30340ux23478ux8212ux29233ux22825ux20351ux20844ux30410ux21654ux21857ux39302ux30340ux37325ux24314ux38656ux35201ux22823ux23478ux30340ux21147ux37327ux65281,ux27969ux28010ux29483ux30340ux23478ux8212ux29233ux22825ux20351ux20844ux30410ux21654ux21857ux39302ux30340ux37325ux24314ux38656ux35201ux22823ux23478ux30340ux21147ux37327ux65281,ux27969ux28010ux29483ux30340ux23478ux8212ux29233ux22825ux20351ux20844ux30410ux21654ux21857ux39302ux30340ux37325ux24314ux38656ux35201ux22823ux23478ux30340ux21147ux37327ux65281','咖啡馆,重建,公益,流浪,力量,需要,天使,大家,流浪猫的家—爱天使公益咖啡馆的重建需要大家的力量！,流浪猫的家—爱天使公益咖啡馆的重建需要大家的力量！,流浪猫的家—爱天使公益咖啡馆的重建需要大家的力量！,流浪猫的家—爱天使公益咖啡馆的重建需要大家的力量！,流浪猫的家—爱天使公益咖啡馆的重建需要大家的力量！,流浪猫的家—爱天使公益咖啡馆的重建需要大家的力量！,流浪猫的家—爱天使公益咖啡馆的重建需要大家的力量！','./public/attachment/201211/07/11/438813e6d75cb84c6b0df8ffbad7aa8c31.jpg',50,1352145022,1385668225,1,2,'','',0,'',3000.00,'份','','<p>爱天使成立的猫天使驿站三年多收养救助了两百余只的流浪猫并为它们找到了一个个温暖的家。爱天使是一种爱，更是一种生活！坚持个人信念的我一直努力活出这个世上不一般的价值人生。那就是不追求自己能拥有什么而在能为自己以外的生命带去什么。。。爱天使在今年因合同到期而到了转折点，重建是艰辛的却也坚信必将更加强大。</p>\r\n <h3>【关于我】——将救助流浪猫视为自己的事业！</h3>\r\n<p>首先做个自我介绍：</p>\r\n<p>我叫李文婷，英文名ANGELLI。</p>\r\n<p>是一名爱猫如命的“狂热分子”，</p>\r\n<p>作为流浪猫的代理麻麻已收养救助过两百余只猫咪；</p>\r\n<p>00年在大学校园宿舍开始拨号上网的网络生活，</p>\r\n<p>担任系学生会副主席及宣传部长等，</p>\r\n<p>参与系女篮队、校诗朗诵比赛、主持系选举活动，<br />\r\n</p>\r\n<p>组织带领系队作为一辩参加校辩论赛获得季军，</p>\r\n<p>毕业后于厦门海尔及三五互联等公司工作近六年。</p>\r\n<p>工作中一直表现突出主持公司千人晚会并荣获过部门最高荣誉奖。</p>\r\n<p>08年辞去部门经理一职后成为SOHO一族，</p>\r\n<p>经营LA爱天使韩国饰品成为淘宝卖家。</p>\r\n<p>于短短半年间毫无虚假的升为二钻一年后升至三钻，</p>\r\n<p>于09年6月20日在老爸大力的支持下经营爱天使咖啡馆，</p>\r\n<p>于2010年10月创办猫天使驿站正式收养救助流浪猫，</p>\r\n<p>先后接受了海峡导报厦门卫视等媒体及大学生的多次采访报道。<br />\r\n</p>\r\n<p>三年间收养救助了两百余只流浪猫并为它们找到了一个个温暖的家。</p>\r\n<p>与仔仔、全全、QQ、EE四只咪咪一起相伴爱天使救命流浪猫的生活。</p>\r\n<p>爱天使就是流浪猫们的家，是我将用余生为之奋斗的事业！</p>\r\n将“关爱弱小弱势生命，传递爱分享快乐”救助流浪猫视为毕生为之努力的事业。<br />\r\n',1,24,2,77,1,1423786541,'','','','咖啡馆 重建 公益 流浪 力量 需要 天使 大家','ux21654ux21857ux39302,ux37325ux24314,ux20844ux30410,ux27969ux28010,ux21147ux37327,ux38656ux35201,ux22825ux20351,ux22823ux23478','咖啡馆,重建,公益,流浪,力量,需要,天使,大家',1352231704,1,0,'0','','','0',7,'安徽','铜陵',17,0,'fanwe',1,1,0,'',0,0),(65,'devil模特','ux27169ux29305,ux100ux101ux118ux105ux108,ux100ux101ux118ux105ux108ux27169ux29305','模特,devil,devil模特','',55,1428013040,1430345842,1,2,'','',0,'',1200.00,'天','','<h3>关于我</h3>\r\n            <p>向支持者介绍一下你自己，以及你与所发起的项目之间的背景。这样有助于拉近你与支持者之间的距离。建议不超过100字。<br />\r\n            <br />\r\n            </p>\r\n<br />\r\n',0,1,0,4,0,1428013053,'','','','模特 devil','ux27169ux29305,ux100ux101ux118ux105ux108','模特,devil',0,1,0,'sss','ssss','哇哇哇','事实上',9,'辽宁','营口',28,0,'devil',0,0,0,'阳光职场',11,0),(64,'招聘安保','ux23433ux20445,ux25307ux32856,ux25307ux32856ux23433ux20445','安保,招聘,招聘安保','',11,1427670321,1493507124,1,2,'','',0,'',12.00,'天','','<br />\r\n<p>这是加分项。说说你的项目不同寻常的特色、资金用途、以及大家支持你的理由。这会让更多人能够支持你，不超过200个汉字。<br />\r\n            <br />\r\n            </p>\r\n            <h3>我的承诺与回报</h3>\r\n            让大家感到你对待项目的认真程度，鞭策你将项目执行最终成功。同时向大家展示一下你为支持者准备的回报，来吸引更多人支持你。',0,2,0,7,0,1427670356,'','','','安保 招聘','ux23433ux20445,ux25307ux32856','安保,招聘',0,1,0,'ss','ss','yy','ss',2,'安徽','巢湖',28,0,'devil',0,0,0,'yy',12,0),(66,'招聘工程师','ux24037ux31243ux24072,ux25307ux32856,ux25307ux32856ux24037ux31243ux24072','工程师,招聘,招聘工程师','',20,1430952890,1432767292,1,0,'','',0,'',111.00,'天','','<h3>关于我</h3>\r\n            <p>向支持者介绍一下你自己，以及你与所发起的项目之间的背景。这样有助于拉近你与支持者之间的距离。建议不超过100字。<br />\r\n            <br />\r\n            </p>\r\n            <h3>我想要做什么</h3>\r\n            <p>以图文并茂的方式简洁生动地说明你的项目，让大家一目了然，这会决定是否将你的项目描述继续看下去。建议不超过300字。<br />\r\n            <br />\r\n            </p>\r\n            <h3>为什么我需要你的支持</h3>\r\n            <p>这是加分项。说说你的项目不同寻常的特色、资金用途、以及大家支持你的理由。这会让更多人能够支持你，不超过200个汉字。<br />\r\n            <br />\r\n            </p>\r\n            <h3>我的承诺与回报</h3>\r\n            让大家感到你对待项目的认真程度，鞭策你将项目执行最终成功。同时向大家展示一下你为支持者准备的回报，来吸引更多人支持你。',0,1,0,6,0,1430952898,'','','','工程师 招聘','ux24037ux31243ux24072,ux25307ux32856','工程师,招聘',0,1,1,'','','','',1,'辽宁','盘锦',29,0,'阳光职场',0,0,0,'阳光职场',12,0),(67,'测试','ux27979ux35797','测试','',15,1430966674,1433040275,1,0,'','',0,'',112.00,'年','','<h3>关于我</h3>\r\n            <p>向支持者介绍一下你自己，以及你与所发起的项目之间的背景。这样有助于拉近你与支持者之间的距离。建议不超过100字。<br />\r\n            <br />\r\n            </p>\r\n            <h3>我想要做什么</h3>\r\n            <p>以图文并茂的方式简洁生动地说明你的项目，让大家一目了然，这会决定是否将你的项目描述继续看下去。建议不超过300字。<br />\r\n            <br />\r\n            </p>\r\n            <h3>为什么我需要你的支持</h3>\r\n            <p>这是加分项。说说你的项目不同寻常的特色、资金用途、以及大家支持你的理由。这会让更多人能够支持你，不超过200个汉字。<br />\r\n            <br />\r\n            </p>\r\n            <h3>我的承诺与回报</h3>\r\n            让大家感到你对待项目的认真程度，鞭策你将项目执行最终成功。同时向大家展示一下你为支持者准备的回报，来吸引更多人支持你。',0,1,0,5,0,1430966683,'','','','测试','ux27979ux35797','测试',0,1,1,'石山石','搜索','搜索','搜索',1,'澳门','澳门',29,0,'阳光职场',0,0,0,'石山石',12,0),(75,'石山石万维网','ux19975ux32500ux32593,ux23665ux30707,ux30707ux23665ux30707ux19975ux32500ux32593','万维网,山石,石山石万维网','',11,1431294590,1432590592,1,2,'11','11',11,'11',12.00,'天','','11',0,0,0,0,0,1431294617,'','','','','','',0,0,0,'11','11','11','11',14,'内蒙古','锡林郭勒盟',29,1,'阳光职场',0,0,0,'11',12,1),(76,'搜索','ux25628ux32034','搜索','',12,1431382701,1432073905,1,0,'11','11',11,'11',12.00,'天','月结','<h3>关于我</h3>\r\n            <p>向支持者介绍一下你自己，以及你与所发起的项目之间的背景。这样有助于拉近你与支持者之间的距离。建议不超过100字。<br />\r\n            <br />\r\n            </p>\r\n            <h3>我想要做什么</h3>\r\n            <p>以图文并茂的方式简洁生动地说明你的项目，让大家一目了然，这会决定是否将你的项目描述继续看下去。建议不超过300字。<br />\r\n            <br />\r\n            </p>\r\n            <h3>为什么我需要你的支持</h3>\r\n            <p>这是加分项。说说你的项目不同寻常的特色、资金用途、以及大家支持你的理由。这会让更多人能够支持你，不超过200个汉字。<br />\r\n            <br />\r\n            </p>\r\n            <h3>我的承诺与回报</h3>\r\n            让大家感到你对待项目的认真程度，鞭策你将项目执行最终成功。同时向大家展示一下你为支持者准备的回报，来吸引更多人支持你。',0,0,0,3,0,1431299169,'','','','搜索','ux25628ux32034','搜索',0,0,0,'','','','',9,'澳门','澳门',29,0,'阳光职场',0,0,0,'11',12,0),(68,'xxxx','ux120ux120ux120ux120','xxxx','',12,1430968086,1431023187,1,0,'','',0,'',111.00,'天','','<h3>关于我</h3>\r\n            <p>向支持者介绍一下你自己，以及你与所发起的项目之间的背景。这样有助于拉近你与支持者之间的距离。建议不超过100字。<br />\r\n            <br />\r\n            </p>\r\n            <h3>我想要做什么</h3>\r\n            <p>以图文并茂的方式简洁生动地说明你的项目，让大家一目了然，这会决定是否将你的项目描述继续看下去。建议不超过300字。<br />\r\n            <br />\r\n            </p>\r\n            <h3>为什么我需要你的支持</h3>\r\n            <p>这是加分项。说说你的项目不同寻常的特色、资金用途、以及大家支持你的理由。这会让更多人能够支持你，不超过200个汉字。<br />\r\n            <br />\r\n            </p>\r\n            <h3>我的承诺与回报</h3>\r\n            让大家感到你对待项目的认真程度，鞭策你将项目执行最终成功。同时向大家展示一下你为支持者准备的回报，来吸引更多人支持你。',0,1,0,11,0,1430968097,'','','','xxxx','ux120ux120ux120ux120','xxxx',0,1,0,'','','','',10,'吉林','长春',29,0,'阳光职场',0,0,0,'xxxx',12,0),(72,'tct','ux116ux99ux116','tct','',2,1431146904,1431286663,1,0,'石山石纤细','纤细石山石',12222,'45555',15.00,'天','','xxxxxxxxxxxxwwwwwwwwww',0,2,1,10,0,1431146948,'','','','tct','ux116ux99ux116','tct',0,1,1,'早上','董楠','黄有为','13004523733',1,'福建','南平',29,0,'阳光职场',0,0,0,'阳光职场',12,0),(73,'早','ux26089','早','',22,1431149965,1432445968,1,0,'曾子贞','搜索',1111,'嘻嘻嘻嘻嘻',222.00,'天','','<h3>关于我</h3>\r\n            <p>向支持者介绍一下你自己，以及你与所发起的项目之间的背景。这样有助于拉近你与支持者之间的距离。建议不超过100字。<br />\r\n            <br />\r\n            </p>\r\n            <h3>我想要做什么</h3>\r\n            <p>以图文并茂的方式简洁生动地说明你的项目，让大家一目了然，这会决定是否将你的项目描述继续看下去。建议不超过300字。<br />\r\n            <br />\r\n            </p>\r\n            <h3>为什么我需要你的支持</h3>\r\n            <p>这是加分项。说说你的项目不同寻常的特色、资金用途、以及大家支持你的理由。这会让更多人能够支持你，不超过200个汉字。<br />\r\n            <br />\r\n            </p>\r\n            <h3>我的承诺与回报</h3>\r\n            让大家感到你对待项目的认真程度，鞭策你将项目执行最终成功。同时向大家展示一下你为支持者准备的回报，来吸引更多人支持你。',0,1,0,13,0,1431149984,'','','','','','',0,0,0,'','','','',2,'河北','邯郸',28,0,'devil',0,0,0,'嘻嘻嘻嘻嘻',12,0),(74,'招聘测试模特','ux27169ux29305,ux27979ux35797,ux25307ux32856,ux25307ux32856ux27979ux35797ux27169ux29305','模特,测试,招聘,招聘测试模特','',12,1431293530,1432243931,1,0,'下午','早上',12222,'未知',11.00,'小时','年底结算','<h3>关于我</h3>\r\n            <p>向支持者介绍一下你自己，以及你与所发起的项目之间的背景。这样有助于拉近你与支持者之间的距离。建议不超过100字。<br />\r\n            <br />\r\n            </p>\r\n            <h3>我想要做什么</h3>\r\n            <p>以图文并茂的方式简洁生动地说明你的项目，让大家一目了然，这会决定是否将你的项目描述继续看下去。建议不超过300字。<br />\r\n            <br />\r\n            </p>\r\n            <h3>为什么我需要你的支持</h3>\r\n            <p>这是加分项。说说你的项目不同寻常的特色、资金用途、以及大家支持你的理由。这会让更多人能够支持你，不超过200个汉字。<br />\r\n            <br />\r\n            </p>\r\n            <h3>我的承诺与回报</h3>\r\n            让大家感到你对待项目的认真程度，鞭策你将项目执行最终成功。同时向大家展示一下你为支持者准备的回报，来吸引更多人支持你。',0,0,0,3,0,1431293539,'','','','模特 测试 招聘','ux27169ux29305,ux27979ux35797,ux25307ux32856','模特,测试,招聘',0,0,0,'','','','',9,'甘肃','庆阳',29,0,'阳光职场',0,0,0,'未知',11,0);
/*!40000 ALTER TABLE `fanwe_deal` ENABLE KEYS */;
UNLOCK TABLES;

--
-- Table structure for table `fanwe_deal_cate`
--

DROP TABLE IF EXISTS `fanwe_deal_cate`;
/*!40101 SET @saved_cs_client     = @@character_set_client */;
/*!40101 SET character_set_client = utf8 */;
CREATE TABLE `fanwe_deal_cate` (
  `id` int(11) NOT NULL AUTO_INCREMENT,
  `name` varchar(255) NOT NULL,
  `sort` int(11) NOT NULL,
  `job` tinyint(1) NOT NULL COMMENT '辨别全职(1)和兼职(0)',
  PRIMARY KEY (`id`)
) ENGINE=MyISAM AUTO_INCREMENT=17 DEFAULT CHARSET=utf8;
/*!40101 SET character_set_client = @saved_cs_client */;

--
-- Dumping data for table `fanwe_deal_cate`
--

LOCK TABLES `fanwe_deal_cate` WRITE;
/*!40000 ALTER TABLE `fanwe_deal_cate` DISABLE KEYS */;
INSERT INTO `fanwe_deal_cate` VALUES (1,'销售',1,0),(2,'安保',2,0),(3,'礼仪',3,0),(4,'促销',4,0),(5,'翻译',5,0),(6,'客服',6,0),(7,'演出',7,0),(8,'家教',8,0),(9,'模特',9,0),(10,'派单',10,0),(11,'文员',11,0),(12,'设计',12,0),(13,'校内',13,0),(14,'临时工',14,0),(15,'服务员',15,0),(16,'其他',16,0);
/*!40000 ALTER TABLE `fanwe_deal_cate` ENABLE KEYS */;
UNLOCK TABLES;

--
-- Table structure for table `fanwe_deal_comment`
--

DROP TABLE IF EXISTS `fanwe_deal_comment`;
/*!40101 SET @saved_cs_client     = @@character_set_client */;
/*!40101 SET character_set_client = utf8 */;
CREATE TABLE `fanwe_deal_comment` (
  `id` int(11) NOT NULL AUTO_INCREMENT,
  `deal_id` int(11) NOT NULL,
  `content` text NOT NULL,
  `user_id` int(11) NOT NULL,
  `create_time` int(11) NOT NULL,
  `log_id` int(11) NOT NULL,
  `user_name` varchar(255) NOT NULL,
  `pid` int(11) NOT NULL COMMENT '?ظ???????ID',
  `deal_user_id` int(11) NOT NULL COMMENT '??Ŀ?????˵?ID',
  `reply_user_id` int(11) NOT NULL COMMENT '?ظ??????۵???????ID',
  `deal_user_name` varchar(255) NOT NULL,
  `reply_user_name` varchar(255) NOT NULL,
  PRIMARY KEY (`id`),
  KEY `deal_id` (`deal_id`),
  KEY `user_id` (`user_id`),
  KEY `create_time` (`create_time`),
  KEY `log_id` (`log_id`),
  KEY `pid` (`pid`),
  KEY `deal_user_id` (`deal_user_id`),
  KEY `reply_user_id` (`reply_user_id`)
) ENGINE=MyISAM AUTO_INCREMENT=176 DEFAULT CHARSET=utf8;
/*!40101 SET character_set_client = @saved_cs_client */;

--
-- Dumping data for table `fanwe_deal_comment`
--

LOCK TABLES `fanwe_deal_comment` WRITE;
/*!40000 ALTER TABLE `fanwe_deal_comment` DISABLE KEYS */;
INSERT INTO `fanwe_deal_comment` VALUES (170,55,'加油哦！',18,1352229601,26,'fzmatthew',0,17,0,'fanwe',''),(171,56,'感谢支持！！',18,1352230363,27,'fzmatthew',0,18,0,'fzmatthew',''),(172,57,'好好加油！',18,1352230882,28,'fzmatthew',0,17,0,'fanwe',''),(173,57,'回复 fzmatthew:一定会的。',17,1352230924,28,'fanwe',172,17,18,'fanwe','fzmatthew'),(174,58,'感谢',17,1352231585,29,'fanwe',0,17,0,'fanwe',''),(175,58,'感谢大家的支持',17,1352231787,0,'fanwe',0,17,0,'fanwe','');
/*!40000 ALTER TABLE `fanwe_deal_comment` ENABLE KEYS */;
UNLOCK TABLES;

--
-- Table structure for table `fanwe_deal_faq`
--

DROP TABLE IF EXISTS `fanwe_deal_faq`;
/*!40101 SET @saved_cs_client     = @@character_set_client */;
/*!40101 SET character_set_client = utf8 */;
CREATE TABLE `fanwe_deal_faq` (
  `id` int(11) NOT NULL AUTO_INCREMENT,
  `deal_id` int(11) NOT NULL,
  `question` text NOT NULL,
  `answer` text NOT NULL,
  `sort` int(11) NOT NULL,
  PRIMARY KEY (`id`),
  KEY `deal_id` (`deal_id`),
  KEY `sort` (`sort`)
) ENGINE=MyISAM AUTO_INCREMENT=107 DEFAULT CHARSET=utf8;
/*!40101 SET character_set_client = @saved_cs_client */;

--
-- Dumping data for table `fanwe_deal_faq`
--

LOCK TABLES `fanwe_deal_faq` WRITE;
/*!40000 ALTER TABLE `fanwe_deal_faq` DISABLE KEYS */;
INSERT INTO `fanwe_deal_faq` VALUES (98,56,'我们的咖啡馆在哪里？','目前暂定的店址，是在延安西路、重庆北路附近。',1),(99,56,'我们的咖啡馆大概有多大？','目前定的店址面积约在200平米以内，有上下两层，底楼较小，二层是整个一层。',2),(100,56,'咖啡馆筹备的进度是？','由于各种的原因，在寻找店址的过程中，先先后后放弃了很多地方，目前找的店址，在办证、面积、交通等方面都较理想。所以基本确定了地方，正在积极办理营业执照及设计各方面的工作，同时也在现有资金的基础上，募集更多的资金及支持。目前店面的装修免租期约在2个月内，所以离正式开业还需要一些时日。',3),(105,58,'流浪猫与爱天使咖啡是什么关系呢？','爱天使就是收养救助流浪猫的咖啡馆。因为救助需要资金与空间，这个资金的最好来源一定是要有一个有收益的项目来支撑而非单纯靠募捐方式，否则容易造成依赖与被动，当然其实也因自己个性好强。 在繁殖季爱天使最多一天能收到3-6只的流浪猫，三年间独自一人艰难维持并收养救助两百多只流浪猫，所需空间资金精力全部由我个人维持。',1),(106,58,'新店确定了吗？装修顺利吗？在哪里呢？','新店终于在几经各方协商后于前日确定于文化艺术中心广场正中间（五一文化广场中间文化宫左边，图书馆对面，大润发楼上正中间）的玻璃房。昨天开始了紧张的重新设计装修中。关于搬店的过程几经周折的磨难苦不堪言。因为新店面积比老店小了，而东西只能先搬过去，而里面要装修所以大柜子都没办法先放进去。里面也已堆满了东西，装修师傅找了五个都不愿意接，因为太多东西很影响装修。东西要一直搬来搬去，现在全部是灰，之后又是一大堆的卫生清洁整理工作，已有很多东西因此受到损坏了。。。新店是转过来了付了一大笔转让费未想因为要重装再装修又要投入两万多的改装费，这笔当时完全忘记预算在内了。。。 不过现在顺利的进入装修重新开业在即。谢谢大家的关注支持！我会让爱天使尽快走回正轨。',2);
/*!40000 ALTER TABLE `fanwe_deal_faq` ENABLE KEYS */;
UNLOCK TABLES;

--
-- Table structure for table `fanwe_deal_focus_log`
--

DROP TABLE IF EXISTS `fanwe_deal_focus_log`;
/*!40101 SET @saved_cs_client     = @@character_set_client */;
/*!40101 SET character_set_client = utf8 */;
CREATE TABLE `fanwe_deal_focus_log` (
  `id` int(11) NOT NULL AUTO_INCREMENT,
  `deal_id` int(11) NOT NULL,
  `user_id` int(11) NOT NULL,
  `create_time` int(11) NOT NULL,
  PRIMARY KEY (`id`),
  KEY `deal_id` (`deal_id`),
  KEY `user_id` (`user_id`),
  KEY `create_time` (`create_time`)
) ENGINE=MyISAM AUTO_INCREMENT=170 DEFAULT CHARSET=utf8;
/*!40101 SET character_set_client = @saved_cs_client */;

--
-- Dumping data for table `fanwe_deal_focus_log`
--

LOCK TABLES `fanwe_deal_focus_log` WRITE;
/*!40000 ALTER TABLE `fanwe_deal_focus_log` DISABLE KEYS */;
INSERT INTO `fanwe_deal_focus_log` VALUES (32,58,18,1352231518),(33,56,17,1352232247),(159,58,28,1427519189),(161,55,28,1427580215),(160,56,28,1427579311),(162,57,28,1427581530),(169,72,29,1431147534);
/*!40000 ALTER TABLE `fanwe_deal_focus_log` ENABLE KEYS */;
UNLOCK TABLES;

--
-- Table structure for table `fanwe_deal_item`
--

DROP TABLE IF EXISTS `fanwe_deal_item`;
/*!40101 SET @saved_cs_client     = @@character_set_client */;
/*!40101 SET character_set_client = utf8 */;
CREATE TABLE `fanwe_deal_item` (
  `id` int(11) NOT NULL AUTO_INCREMENT,
  `deal_id` int(11) NOT NULL,
  `price` double(20,4) NOT NULL,
  `support_count` int(11) NOT NULL,
  `support_amount` double(20,4) NOT NULL,
  `description` text NOT NULL,
  `is_delivery` tinyint(1) NOT NULL,
  `delivery_fee` double(20,4) NOT NULL,
  `is_limit_user` tinyint(1) NOT NULL COMMENT '?Ƿ???',
  `limit_user` int(11) NOT NULL COMMENT '?޶???',
  `repaid_day` int(11) NOT NULL COMMENT '??Ŀ?ɹ????Ļر?ʱ??',
  PRIMARY KEY (`id`),
  KEY `deal_id` (`deal_id`),
  KEY `price` (`price`)
) ENGINE=MyISAM AUTO_INCREMENT=33 DEFAULT CHARSET=utf8;
/*!40101 SET character_set_client = @saved_cs_client */;

--
-- Dumping data for table `fanwe_deal_item`
--

LOCK TABLES `fanwe_deal_item` WRITE;
/*!40000 ALTER TABLE `fanwe_deal_item` DISABLE KEYS */;
INSERT INTO `fanwe_deal_item` VALUES (17,55,10.0000,0,0.0000,'我们将以平信的方式寄出2款桌游的首发纪念牌，随机赠送部分游戏牌（至少5张）并在游戏说明书中致谢',1,0.0000,0,0,60),(18,55,15.0000,1,15.0000,'我们将回报《黄金密码》1套，赠送首发纪念牌并在游戏说明书中致谢。（邮费另计）',1,5.0000,0,0,60),(19,55,30.0000,0,0.0000,'我们将回报《黄金密码》、《功夫》各1套，赠送首发纪念牌并在游戏说明书中致谢。（邮费另计）',1,5.0000,0,0,60),(20,55,50.0000,0,0.0000,'我们将回报《黄金密码》、《功夫》各2套，赠送首发纪念牌并在游戏说明书中致谢。（邮费另计）',1,5.0000,0,0,60),(21,55,500.0000,0,0.0000,'我们将回报《黄金密码》40套，赠送首发纪念牌并在游戏说明书中致谢，同时还将在首发纪念牌上印上您的姓名或公司名称致谢！（限额2名）。（国内包邮）',1,0.0000,0,0,60),(22,56,50.0000,0,0.0000,'你将收到小组成员，在旅行中为你寄出的一张祝福明信片\r\n你将成为我们开业PARTY的座上嘉宾\r\n所以，请留下你的联系方式（电话，地址及邮编）',1,0.0000,0,0,50),(23,56,200.0000,0,0.0000,'你将获得咖啡馆开业后永久9折会员卡一张（会员卡可用于借阅书籍，并在生日当天获得免费饮料一杯）\r\n店内旅行纪念手信一份（价值在50元以内）\r\n成为开业PARTY的邀请来宾',1,0.0000,0,0,60),(24,56,500.0000,11,5500.0000,'你将获得咖啡馆开业后永久9折会员卡一张（会员卡可用于借阅书籍，并在生日当天获得免费饮料一杯）\r\n一份店内招牌下午茶套餐的招待券\r\n免费参加店内组织的活动（各类分享会、试吃体验等等）\r\n成为开业PARTY的邀请来宾',1,0.0000,0,0,50),(25,57,60.0000,0,0.0000,'电影签名海报和明信片。全国包邮。',1,0.0000,0,0,50),(26,57,150.0000,0,0.0000,'电影DVD的拷贝一张，以及片尾特别感谢。全国包邮。',1,0.0000,0,0,55),(27,57,600.0000,0,0.0000,'一个崭新的印有影片标志的8GB快闪储存器（flash drive), 电影DVD 拷贝，剧照，和特别回报（包括预告片DVD，拍摄花絮DVD）, 以及片尾特别感谢。（所有DVD均有中文字幕），全国包邮。',1,0.0000,1,20,50),(28,57,1200.0000,0,0.0000,'电影签名海报和明信片， 一个崭新的印有影片标志的8GB快闪储存器（flash drive), 电影DVD 拷贝，剧照，和特别回报（包括预告片DVD，拍摄花絮DVD）, 以及片尾特别感谢。（所有DVD均有中文字幕）全国包邮。',1,0.0000,1,5,10),(29,57,3000.0000,0,0.0000,'成为影片的联合制片人（associate producer), 8GB的快闪储存器（flash drive)， 电影DVD 拷贝，剧照，和特别回报（包括预告片DVD，拍摄花絮DVD）。（所有DVD均有中文字幕） 全国包邮。',1,0.0000,0,0,10),(30,58,1000.0000,0,0.0000,'爱的礼物：精美工艺品及红酒。如果你希望得到一份爱的礼物与记念，请留言你的详细地址姓名电话，我将会于爱天使重建之后的三个月内为你寄一件精美的工艺品及价值399元的澳洲红宝龙红酒一瓶！你将成为爱天使的终生会员。。。',1,0.0000,0,0,50),(31,58,2000.0000,1,2000.0000,'爱的礼物：精美工艺品红酒及晚餐。如果你希望得到一份爱的礼物与记念，请留言你的详细地址姓名电话，我将会于爱天使重建之后的三个月内为你寄一件精美的工艺品及澳洲红宝龙红酒一瓶及邀请你到爱天使享受晚餐！你将成为爱天使的终生会员。。。',1,0.0000,0,0,50),(32,58,3000.0000,1,3000.0000,'爱的礼物：精美工艺品及红酒及晚餐。如果你希望得到一份爱的礼物与记念，请留言你的详细地址姓名电话，我将会于爱天使重建之后的三个月内为你寄一件精美的工艺品及价值688元的澳洲康纳瓦拉红酒一瓶及邀请你到爱天使享受晚餐！你将成为爱天使的终生会员。。。',1,0.0000,0,0,50);
/*!40000 ALTER TABLE `fanwe_deal_item` ENABLE KEYS */;
UNLOCK TABLES;

--
-- Table structure for table `fanwe_deal_item_image`
--

DROP TABLE IF EXISTS `fanwe_deal_item_image`;
/*!40101 SET @saved_cs_client     = @@character_set_client */;
/*!40101 SET character_set_client = utf8 */;
CREATE TABLE `fanwe_deal_item_image` (
  `id` int(11) NOT NULL AUTO_INCREMENT,
  `deal_id` int(11) NOT NULL,
  `deal_item_id` int(11) NOT NULL,
  `image` varchar(255) NOT NULL,
  PRIMARY KEY (`id`),
  KEY `deal_id` (`deal_id`),
  KEY `deal_item_id` (`deal_item_id`)
) ENGINE=MyISAM AUTO_INCREMENT=59 DEFAULT CHARSET=utf8;
/*!40101 SET character_set_client = @saved_cs_client */;

--
-- Dumping data for table `fanwe_deal_item_image`
--

LOCK TABLES `fanwe_deal_item_image` WRITE;
/*!40000 ALTER TABLE `fanwe_deal_item_image` DISABLE KEYS */;
INSERT INTO `fanwe_deal_item_image` VALUES (40,55,18,'./public/attachment/201211/07/10/1df0db265b86352e3886b9c62e8ef01b18.jpg'),(41,55,18,'./public/attachment/201211/07/10/4a4a8bdca29b165b7bd5f510ce200c4385.jpg'),(42,55,18,'./public/attachment/201211/07/10/c8223b4192fc39e4a3dce8a986eccf3994.jpg'),(43,55,19,'./public/attachment/201211/07/10/a37a306a3bedaa664011115de251576034.jpg'),(44,55,20,'./public/attachment/201211/07/10/cc12200a637c9db1dcf7354e592f220985.jpg'),(45,55,21,'./public/attachment/201211/07/10/d65e7badd7098a0922db2b49c2fd8ef011.jpg'),(46,56,22,'./public/attachment/201211/07/11/5d379d45a98db1816b027e85d59ca47c58.jpg'),(47,56,23,'./public/attachment/201211/07/11/1ed8f029594ec5e809d95d8074fe3d2760.jpg'),(48,56,24,'./public/attachment/201211/07/11/b08505b20319f493cbc03debd52eceb474.jpg'),(49,56,24,'./public/attachment/201211/07/11/18b75305fe13c623363abb4ab995f6af34.jpg'),(50,57,25,'./public/attachment/201211/07/11/7ecd287a12bff4289d305c0fb949889e29.jpg'),(51,57,26,'./public/attachment/201211/07/11/d84152ab2d569c584c795018846cbb7233.jpg'),(52,57,27,'./public/attachment/201211/07/11/bdefb72e944b41b60a751d50d0d84fe983.jpg'),(53,57,28,'./public/attachment/201211/07/11/c0df234411b34427dedb121ab9bd577352.jpg'),(54,57,28,'./public/attachment/201211/07/11/9c82e2a30f02513d0a197f3d4573794e76.jpg'),(55,57,29,'./public/attachment/201211/07/11/326730647fde78562777b82f0a9e81a155.jpg'),(56,58,30,'./public/attachment/201211/07/11/06bab2f2823bdd050ef8949162bf717729.jpg'),(57,58,31,'./public/attachment/201211/07/11/c835e1fd43685e3106c4de641f70cf2b62.jpg'),(58,58,32,'./public/attachment/201211/07/11/44036ee2e369e9c91be966a329cac70084.jpg');
/*!40000 ALTER TABLE `fanwe_deal_item_image` ENABLE KEYS */;
UNLOCK TABLES;

--
-- Table structure for table `fanwe_deal_log`
--

DROP TABLE IF EXISTS `fanwe_deal_log`;
/*!40101 SET @saved_cs_client     = @@character_set_client */;
/*!40101 SET character_set_client = utf8 */;
CREATE TABLE `fanwe_deal_log` (
  `id` int(11) NOT NULL AUTO_INCREMENT,
  `log_info` text NOT NULL,
  `create_time` int(11) NOT NULL,
  `user_id` int(11) NOT NULL,
  `user_name` varchar(255) NOT NULL,
  `deal_id` int(11) NOT NULL,
  `image` varchar(255) NOT NULL,
  `vedio` varchar(255) NOT NULL,
  `source_vedio` varchar(255) NOT NULL,
  PRIMARY KEY (`id`),
  KEY `user_id` (`user_id`),
  KEY `deal_id` (`deal_id`)
) ENGINE=MyISAM AUTO_INCREMENT=30 DEFAULT CHARSET=utf8;
/*!40101 SET character_set_client = @saved_cs_client */;

--
-- Dumping data for table `fanwe_deal_log`
--

LOCK TABLES `fanwe_deal_log` WRITE;
/*!40000 ALTER TABLE `fanwe_deal_log` DISABLE KEYS */;
INSERT INTO `fanwe_deal_log` VALUES (26,'功夫图文说明书1',1352229555,17,'fanwe',55,'./public/attachment/201211/07/11/5d2a94ce2a3db73277fb04be463365a255.jpg','',''),(27,'每当我们踏上新的旅程，总是带着期待和兴奋\r\n\r\n而每次踏上归程，多多少少都会怀有一丝的失落\r\n\r\n在路上，我们拥有一拍即合、相谈甚欢的朋友\r\n\r\n在路上，我们总能遇到有趣的人，听到有意思的故事\r\n\r\n在路上，我们可以遗忘时间，丢开工作，在任何一方天地里享用美食和咖啡\r\n\r\n但是归来后，工作和生活又将我们丢回压力和快节奏之下\r\n\r\n我们想要一个在城市中，也能随时抽离的天地\r\n\r\n找朋友，找梦想，找快乐\r\n\r\n \r\n\r\n我们的小窝不会很大，但足以容纳所有的做梦者\r\n\r\n这里有齐全的旅行攻略书籍、各种旅行散文、绘本、游记……\r\n\r\n这里有香浓的咖啡和好吃的甜点\r\n\r\n这里有同样喜爱旅行，爱结交朋友的年轻人\r\n\r\n每一个将这里当做家的人，你们是我们的客人，更是这里的主人',1352230347,18,'fzmatthew',56,'./public/attachment/201211/07/11/714396a1e4416b0f7510d97e6966190459.jpg','',''),(28,'在电影里看到的最自然的场景在拍摄的时候都是要用灯光特别加工出来的，因为摄影机和人对光的感受能力不一样。人的眼睛可以说是世界上最好的摄影机。这一幕女主角站在窗边充满惆怅的向男主角的方向望过去，明显的受到了日本导演岩井俊二的影响。',1352230864,17,'fanwe',57,'./public/attachment/201211/07/11/eab603d5c65ec25f88a7fdd8ec9a5c1095.jpg','',''),(29,'谢谢这几天来帮忙的朋友们，昨天一群的同学们让窗户变得明亮，虽然还是挺乱但却充满了快乐与欢。。爱天使每天都要这样充满爱与快乐。。谢谢有你们！因为东西太多可能还要打理两天才能开业，希望最近有空的朋友还能过来帮忙。下午两点过来便可13400642022。地址文化艺术中心大润发楼上正中间店。谢谢！',1352231575,17,'fanwe',58,'./public/attachment/201211/07/11/85a7d1e781bfb8812271b6f6f1bee91d25.jpg','','');
/*!40000 ALTER TABLE `fanwe_deal_log` ENABLE KEYS */;
UNLOCK TABLES;

--
-- Table structure for table `fanwe_deal_msg_list`
--

DROP TABLE IF EXISTS `fanwe_deal_msg_list`;
/*!40101 SET @saved_cs_client     = @@character_set_client */;
/*!40101 SET character_set_client = utf8 */;
CREATE TABLE `fanwe_deal_msg_list` (
  `id` int(11) NOT NULL AUTO_INCREMENT,
  `dest` varchar(255) NOT NULL,
  `send_type` tinyint(1) NOT NULL,
  `content` text NOT NULL,
  `send_time` int(11) NOT NULL,
  `is_send` tinyint(1) NOT NULL,
  `create_time` int(11) NOT NULL,
  `user_id` int(11) NOT NULL,
  `result` text NOT NULL,
  `is_success` tinyint(1) NOT NULL,
  `is_html` tinyint(1) NOT NULL,
  `title` text NOT NULL,
  `is_youhui` tinyint(1) NOT NULL,
  `youhui_id` int(11) NOT NULL,
  PRIMARY KEY (`id`)
) ENGINE=MyISAM DEFAULT CHARSET=utf8;
/*!40101 SET character_set_client = @saved_cs_client */;

--
-- Dumping data for table `fanwe_deal_msg_list`
--

LOCK TABLES `fanwe_deal_msg_list` WRITE;
/*!40000 ALTER TABLE `fanwe_deal_msg_list` DISABLE KEYS */;
/*!40000 ALTER TABLE `fanwe_deal_msg_list` ENABLE KEYS */;
UNLOCK TABLES;

--
-- Table structure for table `fanwe_deal_notify`
--

DROP TABLE IF EXISTS `fanwe_deal_notify`;
/*!40101 SET @saved_cs_client     = @@character_set_client */;
/*!40101 SET character_set_client = utf8 */;
CREATE TABLE `fanwe_deal_notify` (
  `id` int(11) NOT NULL AUTO_INCREMENT,
  `deal_id` int(11) NOT NULL,
  `create_time` int(11) NOT NULL,
  PRIMARY KEY (`id`),
  UNIQUE KEY `deal_id` (`deal_id`)
) ENGINE=MyISAM DEFAULT CHARSET=utf8;
/*!40101 SET character_set_client = @saved_cs_client */;

--
-- Dumping data for table `fanwe_deal_notify`
--

LOCK TABLES `fanwe_deal_notify` WRITE;
/*!40000 ALTER TABLE `fanwe_deal_notify` DISABLE KEYS */;
/*!40000 ALTER TABLE `fanwe_deal_notify` ENABLE KEYS */;
UNLOCK TABLES;

--
-- Table structure for table `fanwe_deal_order`
--

DROP TABLE IF EXISTS `fanwe_deal_order`;
/*!40101 SET @saved_cs_client     = @@character_set_client */;
/*!40101 SET character_set_client = utf8 */;
CREATE TABLE `fanwe_deal_order` (
  `id` int(11) NOT NULL AUTO_INCREMENT,
  `deal_id` int(11) NOT NULL,
  `deal_item_id` int(11) NOT NULL,
  `user_id` int(11) NOT NULL,
  `user_name` varchar(255) CHARACTER SET utf8 NOT NULL,
  `pay_time` int(11) NOT NULL,
  `total_price` double(20,4) NOT NULL COMMENT 'ܼ',
  `delivery_fee` double(20,4) NOT NULL COMMENT '˷',
  `deal_price` double(20,4) NOT NULL COMMENT 'Ŀ',
  `support_memo` text CHARACTER SET utf8 NOT NULL,
  `payment_id` int(11) NOT NULL,
  `bank_id` varchar(255) CHARACTER SET utf8 NOT NULL,
  `credit_pay` double(20,4) NOT NULL,
  `online_pay` double(20,4) NOT NULL,
  `deal_name` varchar(255) CHARACTER SET utf8 NOT NULL,
  `order_status` tinyint(1) NOT NULL COMMENT '0:δ֧ 1:֧() 2:֧(޿) 3:ɹ',
  `create_time` int(11) NOT NULL,
  `consignee` varchar(255) CHARACTER SET utf8 NOT NULL,
  `zip` varchar(255) CHARACTER SET utf8 NOT NULL,
  `mobile` varchar(255) CHARACTER SET utf8 NOT NULL,
  `province` varchar(255) CHARACTER SET utf8 NOT NULL,
  `city` varchar(255) CHARACTER SET utf8 NOT NULL,
  `address` varchar(255) CHARACTER SET utf8 NOT NULL,
  `is_success` tinyint(1) NOT NULL,
  `repay_time` int(11) NOT NULL COMMENT 'رʱ',
  `repay_memo` text CHARACTER SET utf8 NOT NULL,
  `is_refund` tinyint(1) NOT NULL COMMENT '˿ 0:δ 1:',
  PRIMARY KEY (`id`),
  KEY `deal_id` (`deal_id`),
  KEY `deal_item_id` (`deal_item_id`),
  KEY `user_id` (`user_id`)
) ENGINE=MyISAM AUTO_INCREMENT=81 DEFAULT CHARSET=gbk;
/*!40101 SET character_set_client = @saved_cs_client */;

--
-- Dumping data for table `fanwe_deal_order`
--

LOCK TABLES `fanwe_deal_order` WRITE;
/*!40000 ALTER TABLE `fanwe_deal_order` DISABLE KEYS */;
INSERT INTO `fanwe_deal_order` VALUES (65,55,18,18,'fzmatthew',1352229388,20.0000,5.0000,15.0000,'请在上班时间配送。',0,'COMM',20.0000,0.0000,'原创DIY桌面游戏《功夫》《黄金密码》期待您的支持',3,1352229388,'方维','350000','13333333333','福建','福州','福建福州台江区工业路博美诗邦',0,0,'',0),(66,56,24,17,'fanwe',1352230101,500.0000,0.0000,500.0000,'',0,'',500.0000,0.0000,'拥有自己的咖啡馆',3,1352230101,'方维','22222','14444444444','福建','福州','方维方维方维方维方维',1,1352230424,'回报已经发货，发货单号123456, 有问题请联系我。',0),(67,56,24,19,'test',1352230180,500.0000,0.0000,500.0000,'',24,'ICBCB2C',0.0000,500.0000,'拥有自己的咖啡馆',3,1352230157,'test','test','13344455555','湖北','襄樊','test',1,0,'',0),(68,56,24,19,'test',1352230228,500.0000,0.0000,500.0000,'',0,'',500.0000,0.0000,'拥有自己的咖啡馆',3,1352230228,'test','test','13344455555','湖北','襄樊','test',1,0,'',0),(69,56,24,19,'test',1352230232,500.0000,0.0000,500.0000,'',0,'',500.0000,0.0000,'拥有自己的咖啡馆',3,1352230232,'test','test','13344455555','湖北','襄樊','test',1,0,'',0),(70,56,24,19,'test',1352230237,500.0000,0.0000,500.0000,'',0,'',500.0000,0.0000,'拥有自己的咖啡馆',3,1352230237,'test','test','13344455555','湖北','襄樊','test',1,0,'',0),(71,56,24,19,'test',1352230240,500.0000,0.0000,500.0000,'',0,'',500.0000,0.0000,'拥有自己的咖啡馆',3,1352230240,'test','test','13344455555','湖北','襄樊','test',1,0,'',0),(72,56,24,19,'test',1352230243,500.0000,0.0000,500.0000,'',0,'',500.0000,0.0000,'拥有自己的咖啡馆',3,1352230243,'test','test','13344455555','湖北','襄樊','test',1,0,'',0),(73,56,24,19,'test',1352230247,500.0000,0.0000,500.0000,'',0,'',500.0000,0.0000,'拥有自己的咖啡馆',3,1352230247,'test','test','13344455555','湖北','襄樊','test',1,0,'',0),(74,56,24,19,'test',1352230268,500.0000,0.0000,500.0000,'',0,'',500.0000,0.0000,'拥有自己的咖啡馆',3,1352230268,'test','test','13344455555','湖北','襄樊','test',1,0,'',0),(75,56,24,19,'test',1352230270,500.0000,0.0000,500.0000,'',0,'',500.0000,0.0000,'拥有自己的咖啡馆',3,1352230270,'test','test','13344455555','湖北','襄樊','test',1,0,'',0),(76,56,24,19,'test',1352230293,500.0000,0.0000,500.0000,'',0,'',500.0000,0.0000,'拥有自己的咖啡馆',3,1352230293,'test','test','13344455555','湖北','襄樊','test',1,0,'',0),(77,58,31,18,'fzmatthew',1352231539,2000.0000,0.0000,2000.0000,'test',0,'',2000.0000,0.0000,'流浪猫的家—爱天使公益咖啡馆的重建需要大家的力量！',3,1352231539,'方维','350000','13333333333','福建','福州','福建福州台江区工业路博美诗邦',1,0,'',0),(78,58,30,19,'test',0,1000.0000,0.0000,1000.0000,'ttt',24,'CCB',500.0000,0.0000,'流浪猫的家—爱天使公益咖啡馆的重建需要大家的力量！',0,1352231631,'test','test','13344455555','湖北','襄樊','test',1,0,'',0),(79,56,24,17,'fanwe',0,500.0000,0.0000,500.0000,'部份支付',24,'ICBCB2C',300.0000,0.0000,'拥有自己的咖啡馆',0,1352231671,'方维','22222','14444444444','福建','福州','方维方维方维方维方维',1,0,'',0),(80,58,32,18,'fzmatthew',1352231704,3000.0000,0.0000,3000.0000,'',0,'',3000.0000,0.0000,'流浪猫的家—爱天使公益咖啡馆的重建需要大家的力量！',3,1352231704,'方维','350000','13333333333','福建','福州','福建福州台江区工业路博美诗邦',1,0,'',0);
/*!40000 ALTER TABLE `fanwe_deal_order` ENABLE KEYS */;
UNLOCK TABLES;

--
-- Table structure for table `fanwe_deal_pay_log`
--

DROP TABLE IF EXISTS `fanwe_deal_pay_log`;
/*!40101 SET @saved_cs_client     = @@character_set_client */;
/*!40101 SET character_set_client = utf8 */;
CREATE TABLE `fanwe_deal_pay_log` (
  `id` int(11) NOT NULL AUTO_INCREMENT,
  `deal_id` int(11) NOT NULL,
  `money` double(20,4) NOT NULL,
  `create_time` int(11) NOT NULL,
  `log_info` text NOT NULL,
  PRIMARY KEY (`id`),
  KEY `deal_id` (`deal_id`),
  KEY `create_time` (`create_time`)
) ENGINE=MyISAM DEFAULT CHARSET=utf8;
/*!40101 SET character_set_client = @saved_cs_client */;

--
-- Dumping data for table `fanwe_deal_pay_log`
--

LOCK TABLES `fanwe_deal_pay_log` WRITE;
/*!40000 ALTER TABLE `fanwe_deal_pay_log` DISABLE KEYS */;
/*!40000 ALTER TABLE `fanwe_deal_pay_log` ENABLE KEYS */;
UNLOCK TABLES;

--
-- Table structure for table `fanwe_deal_sign`
--

DROP TABLE IF EXISTS `fanwe_deal_sign`;
/*!40101 SET @saved_cs_client     = @@character_set_client */;
/*!40101 SET character_set_client = utf8 */;
CREATE TABLE `fanwe_deal_sign` (
  `id` int(11) NOT NULL AUTO_INCREMENT,
  `deal_id` int(11) NOT NULL,
  `user_id` int(11) NOT NULL,
  `user_name` varchar(255) NOT NULL,
  `deal_name` varchar(255) NOT NULL,
  `sign_status` tinyint(1) NOT NULL,
  `sign_time` int(11) NOT NULL,
  `agree_time` int(11) NOT NULL COMMENT '0表示未同意',
  `employ_time` int(11) NOT NULL,
  `post_id` int(11) NOT NULL COMMENT '发布者id',
  `post_username` varchar(255) NOT NULL COMMENT '发布者名称',
  `is_delete` tinyint(1) NOT NULL,
  PRIMARY KEY (`id`)
) ENGINE=MyISAM AUTO_INCREMENT=143 DEFAULT CHARSET=utf8 COMMENT='记录用户的报名信息';
/*!40101 SET character_set_client = @saved_cs_client */;

--
-- Dumping data for table `fanwe_deal_sign`
--

LOCK TABLES `fanwe_deal_sign` WRITE;
/*!40000 ALTER TABLE `fanwe_deal_sign` DISABLE KEYS */;
INSERT INTO `fanwe_deal_sign` VALUES (133,58,28,'devil','流浪猫的家—爱天使公益咖啡馆的重建需要大家的力量！',0,1427862094,0,0,17,'0',0),(131,64,28,'devil','招聘安保',0,1427862082,0,0,28,'0',0),(132,55,28,'devil','原创DIY桌面游戏《功夫》《黄金密码》期待您的支持',0,1427862088,0,0,17,'0',0),(134,57,28,'devil','短片电影《Blind Love》',0,1427862100,0,0,17,'0',0),(135,56,28,'devil','拥有自己的咖啡馆',0,1427862108,0,0,18,'0',0),(136,65,28,'devil','devil模特',2,1428013085,1428014516,1430345842,28,'0',0),(137,66,28,'devil','招聘工程师',2,1430952937,1430953332,1432767292,29,'0',0),(138,67,28,'devil','测试',2,1430966715,1430967099,1433040275,29,'阳光职场',0),(139,68,28,'devil','xxxx',0,1430968124,0,0,29,'阳光职场',0),(140,72,29,'阳光职场','tct',0,1431147537,0,0,29,'阳光职场',0),(142,72,28,'devil','tct',2,1431286597,1431286646,1431286663,29,'阳光职场',0);
/*!40000 ALTER TABLE `fanwe_deal_sign` ENABLE KEYS */;
UNLOCK TABLES;

--
-- Table structure for table `fanwe_deal_sign_log`
--

DROP TABLE IF EXISTS `fanwe_deal_sign_log`;
/*!40101 SET @saved_cs_client     = @@character_set_client */;
/*!40101 SET character_set_client = utf8 */;
CREATE TABLE `fanwe_deal_sign_log` (
  `id` int(11) NOT NULL AUTO_INCREMENT,
  `deal_id` int(11) NOT NULL,
  `user_id` int(11) NOT NULL,
  `create_time` int(11) NOT NULL,
  `price` double(20,4) NOT NULL,
  `deal_item_id` int(11) NOT NULL,
  PRIMARY KEY (`id`),
  KEY `deal_id` (`deal_id`),
  KEY `user_id` (`user_id`),
  KEY `create_time` (`create_time`),
  KEY `deal_item_id` (`deal_item_id`)
) ENGINE=MyISAM AUTO_INCREMENT=55 DEFAULT CHARSET=utf8;
/*!40101 SET character_set_client = @saved_cs_client */;

--
-- Dumping data for table `fanwe_deal_sign_log`
--

LOCK TABLES `fanwe_deal_sign_log` WRITE;
/*!40000 ALTER TABLE `fanwe_deal_sign_log` DISABLE KEYS */;
INSERT INTO `fanwe_deal_sign_log` VALUES (41,55,18,1352229388,15.0000,18),(42,56,17,1352230101,500.0000,24),(43,56,19,1352230180,500.0000,24),(44,56,19,1352230228,500.0000,24),(45,56,19,1352230232,500.0000,24),(46,56,19,1352230237,500.0000,24),(47,56,19,1352230240,500.0000,24),(48,56,19,1352230243,500.0000,24),(49,56,19,1352230247,500.0000,24),(50,56,19,1352230268,500.0000,24),(51,56,19,1352230270,500.0000,24),(52,56,19,1352230293,500.0000,24),(53,58,18,1352231539,2000.0000,31),(54,58,18,1352231704,3000.0000,32);
/*!40000 ALTER TABLE `fanwe_deal_sign_log` ENABLE KEYS */;
UNLOCK TABLES;

--
-- Table structure for table `fanwe_deal_support_log`
--

DROP TABLE IF EXISTS `fanwe_deal_support_log`;
/*!40101 SET @saved_cs_client     = @@character_set_client */;
/*!40101 SET character_set_client = utf8 */;
CREATE TABLE `fanwe_deal_support_log` (
  `id` int(11) NOT NULL AUTO_INCREMENT,
  `deal_id` int(11) NOT NULL,
  `user_id` int(11) NOT NULL,
  `create_time` int(11) NOT NULL,
  `price` double(20,4) NOT NULL,
  `deal_item_id` int(11) NOT NULL,
  PRIMARY KEY (`id`),
  KEY `deal_id` (`deal_id`),
  KEY `user_id` (`user_id`),
  KEY `create_time` (`create_time`),
  KEY `deal_item_id` (`deal_item_id`)
) ENGINE=MyISAM AUTO_INCREMENT=55 DEFAULT CHARSET=utf8 COLLATE=utf8_general_mysql500_ci;
/*!40101 SET character_set_client = @saved_cs_client */;

--
-- Dumping data for table `fanwe_deal_support_log`
--

LOCK TABLES `fanwe_deal_support_log` WRITE;
/*!40000 ALTER TABLE `fanwe_deal_support_log` DISABLE KEYS */;
INSERT INTO `fanwe_deal_support_log` VALUES (41,55,18,1352229388,15.0000,18),(42,56,17,1352230101,500.0000,24),(43,56,19,1352230180,500.0000,24),(44,56,19,1352230228,500.0000,24),(45,56,19,1352230232,500.0000,24),(46,56,19,1352230237,500.0000,24),(47,56,19,1352230240,500.0000,24),(48,56,19,1352230243,500.0000,24),(49,56,19,1352230247,500.0000,24),(50,56,19,1352230268,500.0000,24),(51,56,19,1352230270,500.0000,24),(52,56,19,1352230293,500.0000,24),(53,58,18,1352231539,2000.0000,31),(54,58,18,1352231704,3000.0000,32);
/*!40000 ALTER TABLE `fanwe_deal_support_log` ENABLE KEYS */;
UNLOCK TABLES;

--
-- Table structure for table `fanwe_deal_visit_log`
--

DROP TABLE IF EXISTS `fanwe_deal_visit_log`;
/*!40101 SET @saved_cs_client     = @@character_set_client */;
/*!40101 SET character_set_client = utf8 */;
CREATE TABLE `fanwe_deal_visit_log` (
  `id` int(11) NOT NULL AUTO_INCREMENT,
  `deal_id` int(11) NOT NULL,
  `client_ip` varchar(255) NOT NULL,
  `create_time` int(11) NOT NULL,
  PRIMARY KEY (`id`),
  KEY `deal_id` (`deal_id`)
) ENGINE=MyISAM AUTO_INCREMENT=678 DEFAULT CHARSET=utf8;
/*!40101 SET character_set_client = @saved_cs_client */;

--
-- Dumping data for table `fanwe_deal_visit_log`
--

LOCK TABLES `fanwe_deal_visit_log` WRITE;
/*!40000 ALTER TABLE `fanwe_deal_visit_log` DISABLE KEYS */;
INSERT INTO `fanwe_deal_visit_log` VALUES (117,55,'127.0.0.1',1352229137),(118,56,'127.0.0.1',1352230070),(119,57,'127.0.0.1',1352230830),(120,58,'127.0.0.1',1352231514),(121,56,'127.0.0.1',1352231651),(122,55,'127.0.0.1',1352232299),(123,58,'127.0.0.1',1352232420),(124,56,'127.0.0.1',1352232590),(125,57,'127.0.0.1',1352232717),(126,55,'127.0.0.1',1352246374),(127,57,'127.0.0.1',1352246699),(128,56,'127.0.0.1',1352246710),(129,58,'127.0.0.1',1352246719),(130,58,'140.224.90.157',1353888322),(131,55,'140.224.90.157',1353888330),(132,57,'140.224.90.157',1353888339),(133,57,'116.28.48.56',1361047640),(134,56,'127.0.0.1',1364012515),(135,55,'127.0.0.1',1364012843),(136,57,'127.0.0.1',1364013380),(137,56,'127.0.0.1',1364013647),(138,55,'127.0.0.1',1364014145),(139,55,'127.0.0.1',1423675888),(140,55,'127.0.0.1',1423677417),(141,55,'127.0.0.1',1423681163),(142,55,'192.168.0.101',1423778740),(143,55,'192.168.0.101',1423779977),(144,55,'192.168.0.101',1423780673),(145,55,'192.168.0.101',1423781318),(146,56,'192.168.0.101',1423781476),(147,57,'192.168.0.101',1423781480),(148,58,'192.168.0.101',1423781483),(149,55,'192.168.0.101',1423782545),(150,56,'192.168.0.100',1423782845),(151,55,'192.168.0.100',1423782944),(152,55,'192.168.0.101',1423783282),(153,55,'192.168.0.100',1423783643),(154,55,'192.168.0.102',1423783872),(155,56,'192.168.0.102',1423783884),(156,55,'192.168.0.101',1423783998),(157,56,'192.168.0.101',1423784003),(158,57,'192.168.0.101',1423784007),(159,58,'192.168.0.101',1423784012),(160,57,'192.168.0.102',1423784182),(161,58,'192.168.0.102',1423784271),(162,55,'192.168.0.101',1423784622),(163,57,'192.168.0.102',1423784810),(164,55,'192.168.0.102',1423785117),(165,56,'192.168.0.102',1423785125),(166,55,'192.168.0.101',1423785449),(167,55,'192.168.0.100',1423785988),(168,55,'192.168.0.101',1423786212),(169,58,'192.168.0.101',1423786598),(170,58,'192.168.0.102',1423786627),(171,56,'192.168.0.102',1423787126),(172,58,'192.168.0.101',1423787404),(173,55,'192.168.0.102',1423787976),(174,58,'192.168.0.101',1423788124),(175,58,'192.168.0.101',1423788810),(176,55,'192.168.0.101',1423789033),(177,55,'192.168.0.100',1423790658),(178,58,'192.168.0.100',1423794581),(179,56,'192.168.0.100',1423794620),(180,55,'192.168.0.101',1423800988),(181,57,'192.168.0.101',1423800992),(182,55,'192.168.0.104',1423947236),(183,56,'192.168.0.104',1423947245),(184,55,'192.168.0.103',1423947799),(185,56,'192.168.0.103',1423947806),(186,57,'192.168.0.103',1423947825),(187,58,'192.168.0.103',1423947830),(188,55,'192.168.0.105',1423948288),(189,56,'192.168.0.105',1423948291),(190,57,'192.168.0.105',1423948295),(191,55,'192.168.0.103',1423948616),(192,57,'192.168.0.103',1423948622),(193,58,'192.168.0.103',1423948627),(194,56,'192.168.0.103',1423948745),(195,57,'192.168.0.105',1423949052),(196,55,'192.168.0.105',1423949072),(197,55,'192.168.0.103',1423949330),(198,56,'192.168.0.105',1423951012),(199,55,'192.168.0.105',1423951026),(200,58,'192.168.0.105',1423951041),(201,55,'192.168.0.104',1423951091),(202,56,'192.168.0.105',1423953268),(203,55,'192.168.0.105',1423963736),(204,57,'192.168.0.105',1423963741),(205,55,'192.168.0.106',1423963908),(206,55,'192.168.0.106',1423976290),(207,55,'192.168.0.104',1423976758),(208,55,'192.168.0.103',1423977607),(209,55,'192.168.0.102',1424021126),(210,55,'192.168.0.102',1424024552),(211,56,'192.168.0.102',1424024555),(212,57,'192.168.0.102',1424024558),(213,58,'192.168.0.102',1424024560),(214,55,'192.168.0.104',1424029243),(215,56,'192.168.0.102',1424033241),(216,55,'192.168.0.102',1424049123),(217,58,'192.168.0.102',1424049884),(218,56,'192.168.0.102',1424054004),(219,55,'192.168.0.102',1424056361),(220,55,'192.168.0.102',1424059711),(221,55,'192.168.0.101',1424110944),(222,55,'192.168.0.101',1424111648),(223,55,'192.168.0.100',1424122431),(224,55,'192.168.0.100',1424123195),(225,58,'192.168.0.102',1424124947),(226,58,'192.168.0.101',1424126014),(227,55,'192.168.0.102',1424126666),(228,55,'192.168.0.101',1424126868),(229,55,'192.168.0.102',1424130962),(230,55,'192.168.0.102',1424131743),(231,56,'192.168.0.101',1424132119),(232,56,'192.168.0.103',1424198759),(233,55,'192.168.0.103',1424204531),(234,55,'192.168.0.104',1424222851),(235,55,'192.168.0.104',1424231542),(236,55,'192.168.0.103',1424306654),(237,55,'192.168.0.101',1424317793),(238,55,'192.168.0.103',1424467997),(239,56,'192.168.0.106',1424640496),(240,57,'192.168.0.106',1424640506),(241,55,'192.168.0.103',1424807367),(242,57,'192.168.0.103',1424807380),(243,55,'192.168.0.103',1424808007),(244,56,'192.168.0.103',1424808200),(245,58,'192.168.0.103',1424809331),(246,55,'192.168.0.103',1424809340),(247,55,'192.168.0.103',1424810014),(248,57,'192.168.0.103',1424810025),(249,56,'192.168.0.104',1424814702),(250,55,'192.168.0.102',1424888182),(251,55,'192.168.0.102',1424890598),(252,55,'192.168.0.102',1424891319),(253,55,'192.168.0.102',1424892494),(254,55,'192.168.0.102',1424893248),(255,57,'192.168.0.102',1424895486),(256,55,'192.168.0.102',1424895490),(257,56,'192.168.0.102',1424895494),(258,58,'192.168.0.102',1424895502),(259,55,'192.168.0.102',1424896148),(260,55,'192.168.0.108',1424896364),(261,57,'192.168.0.108',1424896393),(262,55,'192.168.0.108',1424903831),(263,57,'192.168.0.108',1424903835),(264,58,'192.168.0.108',1424903839),(265,55,'192.168.0.108',1424904944),(266,56,'192.168.0.108',1424905014),(267,57,'192.168.0.108',1424905018),(268,58,'192.168.0.108',1424905023),(269,55,'192.168.0.108',1424905672),(270,56,'192.168.0.108',1424905677),(271,57,'192.168.0.108',1424905680),(272,58,'192.168.0.108',1424905684),(273,55,'192.168.0.102',1424906244),(274,55,'192.168.0.108',1424907007),(275,56,'192.168.0.108',1424907013),(276,57,'192.168.0.108',1424907018),(277,58,'192.168.0.108',1424907023),(278,55,'192.168.0.108',1424908009),(279,55,'192.168.0.108',1424908837),(280,55,'192.168.0.108',1424912304),(281,56,'192.168.0.108',1424912311),(282,57,'192.168.0.108',1424912315),(283,58,'192.168.0.108',1424912320),(284,55,'192.168.0.102',1424912807),(285,57,'192.168.0.102',1424912909),(286,57,'192.168.0.108',1424912987),(287,58,'192.168.0.108',1424912995),(288,56,'192.168.0.108',1424913000),(289,55,'192.168.0.108',1424913087),(290,55,'192.168.0.102',1424913843),(291,55,'192.168.0.108',1424914103),(292,57,'192.168.0.102',1424915324),(293,55,'192.168.0.103',1425066385),(294,55,'192.168.0.106',1425069516),(295,55,'192.168.0.106',1425084304),(296,56,'192.168.0.106',1425084309),(297,57,'192.168.0.106',1425084313),(298,58,'192.168.0.106',1425084316),(299,55,'192.168.0.106',1425087244),(300,56,'192.168.0.106',1425087247),(301,57,'192.168.0.106',1425087249),(302,55,'192.168.1.126',1425936388),(303,56,'192.168.1.126',1425936626),(304,56,'192.168.1.118',1425936863),(305,55,'192.168.1.126',1425937308),(306,55,'192.168.1.126',1425939215),(307,55,'192.168.1.118',1425939293),(308,55,'127.0.0.1',1425939907),(309,55,'192.168.1.118',1425939963),(310,56,'192.168.1.118',1425939968),(311,58,'192.168.1.118',1425939971),(312,57,'192.168.1.118',1425939975),(313,57,'127.0.0.1',1425940413),(314,56,'127.0.0.1',1425940486),(315,55,'127.0.0.1',1425940566),(316,55,'192.168.1.118',1425941122),(317,55,'192.168.1.109',1425942259),(318,55,'192.168.1.126',1425942270),(319,56,'127.0.0.1',1425947044),(320,55,'192.168.1.118',1425947603),(321,55,'192.168.1.118',1425948552),(322,55,'192.168.1.118',1425949345),(323,56,'192.168.1.118',1425949425),(324,57,'192.168.1.118',1425949434),(325,58,'192.168.1.118',1425949439),(326,55,'192.168.1.126',1425949503),(327,55,'192.168.1.118',1425949997),(328,55,'192.168.1.118',1425950597),(329,56,'192.168.1.118',1425950696),(330,55,'192.168.1.126',1425950714),(331,56,'192.168.1.126',1425950721),(332,55,'192.168.1.126',1425957254),(333,55,'192.168.1.126',1425957904),(334,55,'192.168.1.126',1426187580),(335,56,'192.168.1.126',1426187586),(336,57,'192.168.1.126',1426187590),(337,58,'192.168.1.126',1426187599),(338,55,'192.168.1.126',1426188545),(339,58,'192.168.1.109',1426189361),(340,55,'192.168.1.118',1426191898),(341,57,'192.168.1.126',1426537263),(342,56,'192.168.1.126',1426537268),(343,58,'192.168.1.126',1426537271),(344,55,'192.168.1.118',1426538500),(345,55,'192.168.1.118',1426539362),(346,57,'192.168.1.118',1426539498),(347,55,'192.168.1.118',1426539966),(348,55,'192.168.1.126',1426556767),(349,57,'192.168.1.126',1426556771),(350,56,'192.168.1.126',1426556791),(351,57,'192.168.1.118',1426559740),(352,55,'192.168.1.146',1426560639),(353,55,'192.168.1.126',1426561158),(354,57,'192.168.1.126',1426618557),(355,55,'192.168.1.126',1426618956),(356,56,'192.168.1.126',1426619079),(357,57,'192.168.1.146',1426631471),(358,55,'192.168.1.126',1426631857),(359,56,'192.168.1.126',1426631874),(360,57,'192.168.1.126',1426631882),(361,58,'192.168.1.126',1426632143),(362,55,'192.168.1.126',1426633905),(363,56,'192.168.1.126',1426635205),(364,57,'192.168.1.126',1426635213),(365,55,'192.168.1.126',1426635221),(366,58,'192.168.1.126',1426635244),(367,55,'192.168.1.146',1426636685),(368,58,'192.168.1.126',1426640156),(369,55,'192.168.1.126',1426640161),(370,55,'192.168.1.118',1426705595),(371,55,'192.168.1.118',1426725038),(372,58,'192.168.1.118',1426725043),(373,56,'192.168.1.118',1426725768),(374,55,'192.168.1.119',1426726360),(375,55,'192.168.1.118',1426787917),(376,57,'192.168.1.126',1426792401),(377,55,'192.168.1.118',1426796538),(378,56,'192.168.1.118',1426798739),(428,58,'192.168.0.108',1427347847),(427,56,'192.168.0.108',1427347843),(426,55,'192.168.0.108',1427347839),(382,56,'192.168.1.118',1427068387),(421,56,'192.168.0.104',1427345908),(384,55,'192.168.1.118',1427068834),(385,56,'192.168.1.118',1427068994),(386,55,'192.168.1.118',1427072369),(387,55,'192.168.1.118',1427073283),(425,56,'192.168.0.108',1427346869),(389,58,'192.168.1.118',1427075136),(420,55,'192.168.0.104',1427345903),(419,57,'192.168.0.104',1427345294),(392,57,'192.168.0.107',1427303556),(393,55,'192.168.0.107',1427303568),(418,56,'192.168.0.104',1427345288),(417,55,'192.168.0.104',1427345194),(397,55,'192.168.0.104',1427321686),(416,56,'192.168.0.104',1427344527),(400,56,'192.168.0.104',1427322050),(415,57,'192.168.0.104',1427344478),(402,55,'192.168.0.104',1427322787),(403,56,'192.168.0.104',1427322795),(404,58,'192.168.0.104',1427322803),(424,58,'192.168.0.108',1427346654),(414,55,'192.168.0.104',1427344473),(423,57,'192.168.0.108',1427346097),(410,56,'192.168.0.100',1427327497),(411,55,'192.168.0.100',1427327519),(422,55,'192.168.0.108',1427346088),(429,58,'192.168.0.104',1427348535),(430,55,'192.168.0.104',1427348541),(431,55,'192.168.0.108',1427349048),(432,56,'192.168.0.108',1427349052),(433,58,'192.168.0.108',1427349404),(434,55,'192.168.0.108',1427349874),(435,56,'192.168.0.108',1427349881),(436,55,'192.168.0.108',1427350913),(437,55,'192.168.0.104',1427351079),(438,56,'192.168.0.104',1427351082),(439,56,'192.168.0.108',1427351194),(440,58,'192.168.0.108',1427351201),(441,57,'192.168.0.108',1427351259),(442,55,'192.168.0.108',1427352091),(443,56,'192.168.0.108',1427352615),(444,55,'192.168.0.108',1427354314),(445,55,'192.168.0.104',1427354679),(446,55,'192.168.0.106',1427388594),(447,56,'192.168.0.106',1427388643),(448,57,'192.168.0.106',1427388648),(449,55,'192.168.0.106',1427390009),(450,56,'192.168.0.106',1427390615),(451,55,'192.168.0.106',1427390618),(452,55,'192.168.0.106',1427391222),(453,56,'192.168.0.106',1427391290),(454,57,'192.168.0.106',1427391600),(455,55,'192.168.0.106',1427392046),(456,56,'192.168.0.106',1427392053),(457,57,'192.168.0.106',1427392325),(458,58,'192.168.0.106',1427392332),(459,55,'192.168.0.106',1427392683),(460,56,'192.168.0.106',1427392689),(461,57,'192.168.0.106',1427393212),(462,58,'192.168.0.106',1427393218),(463,55,'192.168.0.106',1427393402),(464,55,'192.168.0.103',1427395929),(465,56,'192.168.0.103',1427395933),(466,57,'192.168.0.103',1427395936),(467,58,'192.168.0.103',1427395939),(468,55,'192.168.0.103',1427403600),(469,55,'192.168.0.106',1427415146),(470,55,'192.168.0.103',1427416271),(471,56,'192.168.0.103',1427416556),(472,57,'192.168.0.103',1427416571),(473,55,'192.168.0.103',1427417100),(474,58,'192.168.0.103',1427419420),(475,55,'192.168.0.103',1427419467),(476,56,'192.168.0.103',1427419629),(477,55,'192.168.0.103',1427424896),(478,56,'192.168.0.103',1427424899),(479,57,'192.168.0.103',1427424933),(480,58,'192.168.0.103',1427424937),(481,55,'192.168.0.106',1427429505),(482,56,'192.168.0.103',1427431384),(483,55,'192.168.0.103',1427431863),(484,57,'192.168.0.103',1427431876),(485,58,'192.168.0.103',1427431982),(486,55,'192.168.0.103',1427432805),(487,56,'192.168.0.103',1427432816),(488,58,'192.168.0.103',1427432907),(489,55,'192.168.0.103',1427443295),(490,55,'192.168.0.103',1427475366),(491,56,'192.168.0.103',1427475374),(492,57,'192.168.0.103',1427475389),(493,55,'192.168.0.100',1427480217),(494,56,'192.168.0.100',1427480221),(495,57,'192.168.0.100',1427480290),(496,58,'192.168.0.100',1427480293),(497,55,'192.168.0.100',1427481493),(498,56,'192.168.0.100',1427481497),(499,57,'192.168.0.100',1427481502),(500,58,'192.168.0.100',1427495393),(501,55,'192.168.0.100',1427495399),(502,56,'192.168.0.100',1427495605),(503,57,'192.168.0.100',1427495882),(504,55,'192.168.0.100',1427496174),(505,58,'192.168.0.100',1427496185),(506,56,'192.168.0.100',1427496221),(507,55,'192.168.0.100',1427497761),(508,56,'192.168.0.100',1427497764),(509,58,'192.168.0.100',1427497767),(510,57,'192.168.0.100',1427497770),(511,55,'192.168.0.100',1427498362),(512,58,'192.168.0.100',1427498535),(513,56,'192.168.0.100',1427498613),(514,57,'192.168.0.100',1427498655),(515,56,'192.168.0.105',1427511245),(516,55,'192.168.0.100',1427519128),(517,56,'192.168.0.100',1427519133),(518,57,'192.168.0.100',1427519167),(519,58,'192.168.0.100',1427519184),(520,55,'192.168.0.100',1427519814),(521,57,'192.168.0.100',1427519895),(522,58,'192.168.0.100',1427519903),(523,55,'192.168.0.103',1427520041),(524,56,'192.168.0.103',1427520062),(525,57,'192.168.0.103',1427520068),(526,58,'192.168.0.103',1427520073),(527,55,'192.168.0.100',1427520568),(528,56,'192.168.0.100',1427520614),(529,57,'192.168.0.100',1427520627),(530,58,'192.168.0.100',1427520928),(531,55,'192.168.0.100',1427523529),(532,56,'192.168.0.100',1427523533),(533,58,'192.168.0.100',1427523538),(534,57,'192.168.0.100',1427523542),(535,55,'192.168.0.103',1427523629),(536,56,'192.168.0.103',1427523638),(537,57,'192.168.0.103',1427523682),(538,58,'192.168.0.103',1427523781),(539,55,'192.168.0.100',1427524430),(540,56,'192.168.0.100',1427524450),(541,57,'192.168.0.100',1427524459),(542,58,'192.168.0.100',1427524465),(543,57,'192.168.0.101',1427564815),(544,55,'192.168.0.101',1427564862),(545,58,'192.168.0.101',1427565063),(546,56,'192.168.0.101',1427565088),(547,55,'192.168.0.100',1427565605),(548,55,'192.168.0.101',1427566164),(549,56,'192.168.0.101',1427566168),(550,57,'192.168.0.101',1427566172),(551,58,'192.168.0.101',1427566175),(552,55,'192.168.0.101',1427579091),(553,56,'192.168.0.101',1427579142),(554,57,'192.168.0.101',1427579147),(555,58,'192.168.0.101',1427579157),(556,55,'192.168.0.101',1427580089),(557,55,'192.168.0.101',1427580707),(558,55,'192.168.0.100',1427580765),(559,55,'192.168.0.101',1427581346),(560,56,'192.168.0.101',1427581374),(561,57,'192.168.0.101',1427581410),(562,58,'192.168.0.101',1427581535),(563,55,'192.168.0.101',1427582874),(564,56,'192.168.0.101',1427582878),(565,57,'192.168.0.101',1427582883),(566,58,'192.168.0.101',1427582887),(567,55,'192.168.0.101',1427584880),(568,56,'192.168.0.101',1427584890),(569,57,'192.168.0.101',1427584895),(570,58,'192.168.0.101',1427584903),(571,55,'192.168.0.101',1427585718),(572,56,'192.168.0.101',1427585729),(573,57,'192.168.0.101',1427585736),(574,58,'192.168.0.101',1427586033),(575,55,'192.168.0.101',1427586462),(576,56,'192.168.0.101',1427586504),(577,57,'192.168.0.101',1427586519),(578,55,'192.168.0.101',1427588363),(579,56,'192.168.0.101',1427588390),(580,57,'192.168.0.101',1427588398),(581,58,'192.168.0.101',1427588506),(612,56,'192.168.0.108',1427862105),(611,57,'192.168.0.108',1427862098),(585,55,'192.168.0.100',1427667565),(586,57,'192.168.0.101',1427674342),(587,55,'192.168.0.108',1427681486),(588,56,'192.168.0.108',1427681607),(589,58,'192.168.0.108',1427681663),(610,58,'192.168.0.108',1427862092),(591,55,'192.168.0.108',1427684252),(592,56,'192.168.0.108',1427684257),(593,57,'192.168.0.108',1427684262),(594,55,'192.168.0.110',1427686131),(595,55,'192.168.0.101',1427692067),(596,57,'192.168.0.101',1427692443),(597,64,'192.168.0.107',1427739381),(609,55,'192.168.0.108',1427862086),(599,56,'192.168.0.107',1427743829),(600,55,'192.168.0.106',1427757444),(601,56,'192.168.0.106',1427757475),(602,64,'192.168.0.101',1427764385),(608,64,'192.168.0.108',1427862079),(604,58,'192.168.0.101',1427764617),(605,56,'192.168.0.101',1427764628),(606,57,'192.168.0.101',1427764646),(607,55,'192.168.0.101',1427764658),(613,55,'192.168.0.101',1427913524),(614,65,'192.168.0.101',1428013081),(615,65,'192.168.0.100',1428019149),(616,66,'192.168.1.110',1430952929),(617,66,'127.0.0.1',1430954782),(618,66,'192.168.1.110',1430956442),(619,64,'192.168.1.110',1430956449),(620,58,'192.168.1.110',1430956454),(621,55,'127.0.0.1',1430958973),(622,58,'127.0.0.1',1430958985),(623,56,'127.0.0.1',1430959002),(624,65,'127.0.0.1',1430959007),(625,66,'127.0.0.1',1430966581),(626,67,'192.168.1.110',1430966707),(627,68,'192.168.1.110',1430968120),(628,68,'127.0.0.1',1430968135),(629,67,'192.168.1.110',1431032782),(630,65,'192.168.1.110',1431032800),(631,64,'192.168.1.110',1431032805),(632,57,'192.168.1.110',1431032826),(633,66,'192.168.1.110',1431033035),(634,68,'192.168.1.122',1431033889),(635,68,'192.168.1.122',1431035330),(636,68,'192.168.1.122',1431038914),(637,68,'127.0.0.1',1431143785),(638,68,'127.0.0.1',1431145362),(639,64,'127.0.0.1',1431145747),(640,68,'127.0.0.1',1431146029),(641,72,'127.0.0.1',1431146958),(642,68,'127.0.0.1',1431147386),(643,67,'127.0.0.1',1431147397),(644,72,'127.0.0.1',1431147630),(645,67,'127.0.0.1',1431148056),(646,72,'127.0.0.1',1431149920),(647,73,'127.0.0.1',1431149993),(648,73,'127.0.0.1',1431150622),(649,68,'127.0.0.1',1431150691),(650,72,'127.0.0.1',1431150698),(651,73,'127.0.0.1',1431233815),(652,72,'127.0.0.1',1431233836),(653,64,'127.0.0.1',1431233843),(654,73,'192.168.1.122',1431279663),(655,73,'192.168.1.122',1431280727),(656,73,'192.168.1.122',1431284208),(657,68,'192.168.1.122',1431284229),(658,66,'192.168.1.122',1431284232),(659,73,'192.168.1.122',1431286544),(660,72,'192.168.1.122',1431286593),(661,73,'192.168.1.122',1431287961),(662,72,'192.168.1.122',1431288297),(663,73,'192.168.1.122',1431289964),(664,73,'192.168.1.122',1431294631),(665,74,'192.168.1.122',1431294639),(666,73,'192.168.1.122',1431295798),(667,72,'192.168.1.122',1431295802),(668,74,'192.168.1.122',1431302632),(669,76,'192.168.1.122',1431303053),(670,76,'192.168.1.122',1431304342),(671,76,'192.168.1.122',1431306218),(672,74,'192.168.1.122',1431306352),(673,73,'192.168.1.122',1431306356),(674,72,'192.168.1.122',1431306361),(675,73,'192.168.1.110',1431306379),(676,72,'192.168.1.110',1431306408),(677,67,'192.168.1.139',1431306910);
/*!40000 ALTER TABLE `fanwe_deal_visit_log` ENABLE KEYS */;
UNLOCK TABLES;

--
-- Table structure for table `fanwe_faq`
--

DROP TABLE IF EXISTS `fanwe_faq`;
/*!40101 SET @saved_cs_client     = @@character_set_client */;
/*!40101 SET character_set_client = utf8 */;
CREATE TABLE `fanwe_faq` (
  `id` int(11) NOT NULL AUTO_INCREMENT,
  `group` varchar(255) NOT NULL,
  `question` text NOT NULL,
  `answer` text NOT NULL,
  `sort` int(11) NOT NULL,
  PRIMARY KEY (`id`),
  KEY `sort` (`sort`),
  KEY `group` (`group`)
) ENGINE=MyISAM AUTO_INCREMENT=21 DEFAULT CHARSET=utf8;
/*!40101 SET character_set_client = @saved_cs_client */;

--
-- Dumping data for table `fanwe_faq`
--

LOCK TABLES `fanwe_faq` WRITE;
/*!40000 ALTER TABLE `fanwe_faq` DISABLE KEYS */;
INSERT INTO `fanwe_faq` VALUES (1,'基本问题','这是什么站?','我们是一个让你可以发起和支持创意项目的平台。如果你有一个创意的想法(新颖的产品?独立电影?)，我们欢迎你到我们的平台上发起项目，向公众推广，并得到资金的支持去完成你的想法。如果你喜欢创意，我们欢迎你来到我们平台，浏览各种有趣的项目，并力所能及支持他们。',1),(2,'基本问题','什么样的项目适合我们的平台?','我们欢迎一切有创意的想法，欢迎艺术家，电影工作者，音乐家，产品设计师，作家，画家，表演者，DJ等等来我们平台推广他们的创意。但是，我们的平台不适用于慈善项目或是创业投资项目。如果你不确定你的想法是否适合我们的平台，欢迎你直接与我们联系。',2),(3,'基本问题','这种模式有非法集资的风险吗?','不会，因为我们要求项目不能够以股权或是资金作为对支持者的回报。项目发起人更不能向支持者许诺任何资金上的收益。项目的回报必须是以实物（如产品，出版物），或者媒体内容（如提供视频或者音乐的流媒体播放或者下载）。我们平台项目接受支持，不能够以股权或者债券的形式。支持者对一个项目的支持属于购买行为，而不是投资行为。',3),(4,'基本问题','这个平台接受慈善项目类的提案么?','我们不接受慈善类项目。作为个人，我们支持社会公益慈善事业，但是我们平台不是支持此类项目的平台。我们所接受的是商业类，有销售购买行为的设计或者文创类的项目。项目发起人需要给支持以实物或者媒体内容类的回报。',4),(5,'项目发起人相关问题','是否会要求产品或作品的知识产权?','不会。我们只是提供一个宣传和支持的平台，知识产权由项目发起人所有。',5),(6,'项目发起人相关问题','什么人可以发起项目?','目前任何在两岸三地(中国大陆，台湾，港澳)的有创意的人都可以发起项目。你可以是一个从事创意行业的自由职业者，也可以是公司职员。只要你有个点子，我们都希望收到你的项目提案。',6),(7,'项目发起人相关问题','我怎么发起项目呢?','请到我们的网站并注册用户后，在我们网站上提交所需要的基本项目信息，包括项目的内容，目前进行的阶段等等。我们会有专人跟进，与你联系。',7),(8,'项目发起人相关问题','我想发起项目，但是我担心我的知识产权被人抄袭?','作为项目发起人，你可以选择公布更多的信息。知识产权敏感的信息，你可以选择不公开。同时，我们平台是一个面对公众的平台。你所提供的信息越丰富，越翔实，就越容易打动和说服别人的支持。',8),(9,'项目发起人相关问题','项目目标金额是否有上下限制?','我们对目标金额的下限是1000元人民币。原则上没有上限。但是资金的要求越高，成功的概率就越低。目前常见的目标金额从几千到几万不等。',9),(10,'项目发起人相关问题','没有达到目标金额，是否就不能得到支持?','是的。如果在项目截至日期到达时，没有达到预期，那么已经收到的资金会退还给支持者。这么做的原因是为了给支持者提供风险保护。只有当项目有足够多的人支持足够多的资金时，他们的支持才生效。',10),(11,'项目发起人相关问题','我的项目成功了，然后呢?','我们会分两次把资金打入你所提供的银行账户。两次汇款的时间和金额因项目而异，在项目上线之前，由我们平台与项目发起人确定。在资金的支持下，你就可以开始进行你的项目，给你的支持者以邮件或者其他形式的更新，并如期实现你承诺的回报。',11),(12,'项目发起人相关问题','如何设定项目截止日期?','一般来说，时间设置在一个月或以内比较合适。数据显示，绝大部分的支持发生在项目上线开始和结束前的一个星期中。',12),(13,'项目发起人相关问题','收到的金额能够超过预设的目标?','可以。在截至日期之前，项目可以一直接受资金支持。',13),(14,'项目发起人相关问题','大家支持的动机是什么?','大家对项目支持的动机是多样的。有些是因为项目发起者提供了有吸引力的回报，特别是产品设计类的项目。有些是因为认可这个项目，希望它能够实现。有些是因为认可项目的发起人，希望助他一臂之力。',14),(15,'项目发起人相关问题','什么样的回报比较合适?','回报因项目而异。可以是实物，比如如果是电影项目，可以提供成片后的DVD;如果是产品设计，可以提供产品;其他还有如明信片，T恤，出版物。也可以是非实物，比如鸣谢，与项目发起人共进晚餐，影片首映的门票等。我们欢迎项目发起人展开想象，设计出各式各样的回报。',15),(16,'项目发起人相关问题','如何能够吸引更多的人来支持我的项目?','对此，我们会另外详细介绍。简短来说，有以下要点\r\n- 拍摄一个有趣，吸引人的视频。讲述这个项目背后的故事。\r\n- 提供有吸引力，物有所值的回报。\r\n- 项目刚上线时，要发动你的亲朋好友来支持你。让你的项目有一个基本的人气。\r\n- 充分运用微博，人人等社交网站来推广。\r\n- 在项目上线期间，经常性的在你的项目页上提供项目的更新，与支持者，询问者的互动。\r\n- 项目宣传视频是必须的么?\r\n宣传视频是项目页上的重要内容。是公众了解你和你的项目的第一步。一个好的宣传视频，能够比文字和图片起到更好的宣传效果。基于这个原因，我们要求每个项目都提供一个视频。有必要的话，我们平台可以提供视频拍摄的支持。',16),(17,'项目发起人相关问题','项目宣传视频有什么要求?','我们要求宣传视频在两分钟之内。内容上，强烈建议包括以下内容\r\n发起人姓名\r\n项目简短描述(特别说明其吸引人的地方)，目前进展\r\n为什么需要支持\r\n谢谢大家',17),(18,'项目支持者相关问题','如果项目没有达到目标金额，我支持的资金会还给我么?','是的。如果项目在截止日期没有达到目标，你所支持的金额会返还给你。',18),(19,'项目支持者相关问题','如何支持一个项目?','每个项目页的右侧有可选择的支持额度和相应的回报介绍。想支持的话，选择你想支持的金额，鼠标点击绿色的按钮，即可。你可以选择支付宝或者财付通来完成付款。',19),(20,'项目支持者相关问题','如何保证项目发起人能够实现他们的承诺呢?','很多项目本身存在着风险，比如产品设计和纪录片的拍摄。有可能存在项目发起人无法完成其许诺的情况。项目支持者一方面要了解创意项目本身是有风险的，另一方面，我们要求项目发起人提供联系方式，并且鼓励有意支持者直接联系他们，在与项目发起人的沟通和互动中对项目的价值，风险，项目发起人的执行力等等有所判断。',20);
/*!40000 ALTER TABLE `fanwe_faq` ENABLE KEYS */;
UNLOCK TABLES;

--
-- Table structure for table `fanwe_help`
--

DROP TABLE IF EXISTS `fanwe_help`;
/*!40101 SET @saved_cs_client     = @@character_set_client */;
/*!40101 SET character_set_client = utf8 */;
CREATE TABLE `fanwe_help` (
  `id` int(11) NOT NULL AUTO_INCREMENT,
  `title` varchar(255) NOT NULL,
  `content` text NOT NULL,
  `type` varchar(255) NOT NULL,
  `url` varchar(255) NOT NULL,
  `is_fix` tinyint(1) NOT NULL,
  `sort` int(11) NOT NULL,
  PRIMARY KEY (`id`),
  KEY `sort` (`sort`)
) ENGINE=MyISAM AUTO_INCREMENT=7 DEFAULT CHARSET=utf8;
/*!40101 SET character_set_client = @saved_cs_client */;

--
-- Dumping data for table `fanwe_help`
--

LOCK TABLES `fanwe_help` WRITE;
/*!40000 ALTER TABLE `fanwe_help` DISABLE KEYS */;
INSERT INTO `fanwe_help` VALUES (1,'服务条款','<div class=\"layout960\"><p><strong>一、接受条款</strong></p>\r\n<p>我们所提供的服务包含我们平台网站体验和使用、我们平台互联网消息传递服务以及我们平台提供的与我们平台网站有关的任何其他特色功能、内容或应用程序(合称\"我们平台服务\")。无论用户是以\"访客\"(表示用户只是浏览我们平台网站)还是\"成员\"(表示用户已在我们平台注册并登录)的身份使用我们平台服务，均表示该用户同意遵守本使用协议。</p>\r\n<p>如果用户自愿成为我们平台成员并与其他成员交流(包括通过我们平台网站直接联系或通过我们平台各种服务而连接到的成员)，以及使用我们平台网站及其各种附加服务，请务必认真阅读本协议并在注册过程中表明同意接受本协议。本协议的内容包含我们平台关于接受我们平台服务和在我们平台网站上发布内容的规定、用户使用我们平台服务所享有的权利、承担的义务和对使用我们平台服务所受的限制、以及我们平台的隐私条款。如果用户选择使用某些我们平台服务，可能会收到要求其下载软件或内容的通知，和/或要求用户同意附加条款和条件的通知。除非用户选择使用的我们平台服务相关的附加条款和条件另有规定，附加的条款和条件都应被包含于本协议中。</p>\r\n<p>我们平台有权随时修改本协议文本中的任何条款。一旦我们平台对本协议进行修改,我们平台将会以公告形式发布通知。任何该等修改自发布之日起生效。如果用户在该等修改发布后继续使用我们平台服务，则表示该用户同意遵守对本协议所作出的该等修改。因此，请用户务必定期查阅本协议，以确保了解所有关于本协议的最新修改。如果用户不同意我们平台对本协议进行的修改，请用户离开我们平台网站并立即停止使用我们平台服务。同时，用户还应当删除个人档案并注销成员资格。</p>\r\n<p><strong>二、遵守法律</strong></p>\r\n<p>当使用我们平台服务时，用户同意遵守中华人民共和国(下称\"中国\")的相关法律法规，包括但不限于《中华人民共和国宪法》、《中华人民共和国合同法》、《中华人民共和国电信条例》、《互联网信息服务管理办法》、《互联网电子公告服务管理规定》、《中华人民共和国保守国家秘密法》、《全国人民代表大会常务委员会关于维护互联网安全的决定》、《中华人民共和国计算机信息系统安全保护条例》、《计算机信息网络国际联网安全保护管理办法》、《中华人民共和国著作权法》及其实施条例、《互联网著作权行政保护办法》等。用户只有在同意遵守所有相关法律法规和本协议时，才有权使用我们平台服务(无论用户是否有意访问或使用此服务)。请用户仔细阅读本协议并将其妥善保存。</p>\r\n<p><strong>三、用户帐号、密码及安全</strong></p>\r\n<p>用户应提供及时、详尽、准确的个人资料，并不断及时更新注册时提供的个人资料，保持其详尽、准确。所有用户输入的资料将引用为注册资料。我们平台不对因用户提交的注册信息不真实或未及时准确变更信息而引起的问题、争议及其后果承担责任。</p>\r\n<p>用户不应将其帐号、密码转让、出借或告知他人，供他人使用。如用户发现帐号遭他人非法使用，应立即通知我们平台。因黑客行为或用户的保管疏忽导致帐号、密码遭他人非法使用的，我们平台不承担任何责任。</p>\r\n<p><strong>四、隐私权政策</strong></p>\r\n<p>用户提供的注册信息及我们平台保留的用户所有资料将受到中国相关法律法规和我们平台《隐私权政策》的规范。《隐私权政策》构成本协议不可分割的一部分。</p>\r\n<p><strong>五、上传内容</strong></p>\r\n<p>用户通过任何我们平台提供的服务上传、张贴、发送(通过电子邮件或任何其它方式传送)的文本、文件、图像、照片、视频、声音、音乐、其他创作作品或任何其他材料(以下简称\"内容\"，包括用户个人的或个人创作的照片、声音、视频等)，无论系公开还是私下传播，均由用户和内容提供者承担责任，我们平台不对该等内容的正确性、完整性或品质作出任何保证。用户在使用我们平台服务时，可能会接触到令人不快、不适当或令人厌恶之内容，用户需在接受服务前自行做出判断。在任何情况下，我们平台均不为任何内容负责(包括但不限于任何内容的错误、遗漏、不准确或不真实)，亦不对通过我们平台服务上传、张贴、发送(通过电子邮件或任何其它方式传送)的内容衍生的任何损失或损害负责。我们平台在管理过程中发现或接到举报并进行初步调查后，有权依法停止任何前述内容的传播并采取进一步行动，包括但不限于暂停某些用户使用我们平台的全部或部分服务，保存有关记录，并向有关机关报告。</p>\r\n<p><strong>六、用户行为</strong></p>\r\n<p>用户在使用我们平台服务时，必须遵守中华人民共和国相关法律法规的规定，用户保证不会利用我们平台服务进行任何违法或不正当的活动，包括但不限于下列行为∶</p>\r\n<p>上传、展示、张贴或以其它方式传播含有下列内容之一的信息：</p>\r\n<p>反对宪法及其他法律的基本原则的;</p>\r\n<p>危害国家安全，泄露国家秘密，颠覆国家政权，破坏国家统一的;</p>\r\n<p>损害国家荣誉和利益的;</p>\r\n<p>煽动民族仇恨、民族歧视、破坏民族团结的;</p>\r\n<p>破坏国家宗教政策，宣扬邪教和封建迷信的;</p>\r\n<p>散布谣言，扰乱社会秩序，破坏社会稳定的;</p>\r\n<p>散布淫秽、色情、赌博、暴力、凶杀、恐怖或者教唆犯罪的;</p>\r\n<p>侮辱或者诽谤他人，侵害他人合法权利的;</p>\r\n<p>含有虚假、有害、胁迫、侵害他人隐私、骚扰、中伤、粗俗、猥亵、或其它道德上令人反感的内容;</p>\r\n<p>含有中国法律、法规、规章、条例以及任何具有法律效力的规范所限制或禁止的其它内容的;</p>\r\n<p>不得为任何非法目的而使用网络服务系统;</p>\r\n<p>用户同时保证不会利用我们平台服务从事以下活动：</p>\r\n<p>未经允许，进入计算机信息网络或者使用计算机信息网络资源的;</p>\r\n<p>未经允许，对计算机信息网络功能进行删除、修改或者增加的;</p>\r\n<p>未经允许，对进入计算机信息网络中存储、处理或者传输的数据和应用程序进行删除、修改或者增加的;故意制作、传播计算机病毒等破坏性程序的;</p>\r\n<p>其他危害计算机信息网络安全的行为。</p>\r\n<p>如用户在使用网络服务时违反任何上述规定，我们平台或经其授权者有权要求该用户改正或直接采取一切必要措施(包括但不限于更改、删除相关内容、暂停或终止相关用户使用我们平台服务)以减轻和消除该用户不当行为造成的影响。</p>\r\n<p>用户不得对我们平台服务的任何部分或全部以及通过我们平台取得的任何形式的信息，进行复制、拷贝、出售、转售或用于任何其它商业目的。</p>\r\n<p>用户须对自己在使用我们平台服务过程中的行为承担法律责任。用户承担法律责任的形式包括但不限于：停止侵害行为，向受到侵害者公开赔礼道歉，恢复受到侵害这的名誉，对受到侵害者进行赔偿。如果我们平台网站因某用户的非法或不当行为受到行政处罚或承担了任何形式的侵权损害赔偿责任，该用户应向我们平台进行赔偿(不低于我们平台向第三方赔偿的金额)并通过全国性的媒体向我们平台公开赔礼道歉。</p>\r\n<p><strong>七、知识产权和其他合法权益(包括但不限于名誉权、商誉等)</strong></p>\r\n<p>我们平台并不对用户发布到我们平台服务中的文本、文件、图像、照片、视频、声音、音乐、其他创作作品或任何其他材料(前文称为\"内容\")拥有任何所有权。在用户将内容发布到我们平台服务中后，用户将继续对内容享有权利，并且有权选择恰当的方式使用该等内容。如果用户在我们平台服务中或通过我们平台服务展示或发表任何内容，即表明该用户就此授予我们平台一个有限的许可以使我们平台能够合法使用、修改、复制、传播和出版此类内容。</p>\r\n<p>用户同意其已就在我们平台服务所发布的内容，授予我们平台可以免费的、永久有效的、不可撤销的、非独家的、可转授权的、在全球范围内对所发布内容进行使用、复制、修改、改写、改编、发行、翻译、创造衍生性著作的权利，及/或可以将前述部分或全部内容加以传播、表演、展示，及/或可以将前述部分或全部内容放入任何现在已知和未来开发出的以任何形式、媒体或科技承载的著作当中。</p>\r\n<p>用户声明并保证：用户对其在我们平台服务中或通过我们平台服务发布的内容拥有合法权利;用户在我们平台服务中或通过我们平台服务发布的内容不侵犯任何人的肖像权、隐私权、著作权、商标权、专利权、及其它合同权利。如因用户在我们平台服务中或通过我们平台服务发布的内容而需向其他任何人支付许可费或其它费用，全部由该用户承担。</p>\r\n<p>我们平台服务中包含我们平台提供的内容，包含用户和其他我们平台许可方的内容(下称\"我们平台的内容\")。我们平台的内容受《中华人民共和国著作权法》、《中华人民共和国商标法》、《中华人民共和国专利法》、《中华人民共和国反不正当竞争法》和其他相关法律法规的保护，我们平台拥有并保持对我们平台的内容和我们平台服务的所有权利。</p>\r\n<p><strong>八、国际使用之特别警告</strong></p>\r\n<p>用户已了解国际互联网的无国界性，同意遵守所有关于网上行为、内容的法律法规。用户特别同意遵守有关从中国或用户所在国家或地区输出信息所可能涉及、适用的全部法律法规。</p>\r\n<p><strong>九、赔偿</strong></p>\r\n<p>由于用户通过我们平台服务上传、张贴、发送或传播的内容，或因用户与本服务连线，或因用户违反本使用协议，或因用户侵害他人任何权利而导致任何第三人向我们平台提出赔偿请求，该用户同意赔偿我们平台及其股东、子公司、关联企业、代理人、品牌共有人或其它合作伙伴相应的赔偿金额(包括我们平台支付的律师费等)，以使我们平台的利益免受损害。</p>\r\n<p><strong>十、关于使用及储存的一般措施</strong></p>\r\n<p>用户承认我们平台有权制定关于服务使用的一般措施及限制，包括但不限于我们平台服务将保留用户的电子邮件信息、用户所张贴内容或其它上载内容的最长保留期间、用户一个帐号可收发信息的最大数量、用户帐号当中可收发的单个信息的大小、我们平台服务器为用户分配的最大磁盘空间，以及一定期间内用户使用我们平台服务的次数上限(及每次使用时间之上限)。通过我们平台服务存储或传送的任何信息、通讯资料和其它任何内容，如被删除或未予储存，用户同意我们平台毋须承担任何责任。用户亦同意，超过一年未使用的帐号，我们平台有权关闭。我们平台有权依其自行判断和决定，随时变更相关一般措施及限制。</p>\r\n<p><strong>十一、服务的修改</strong></p>\r\n<p>用户了解并同意，无论通知与否，我们平台有权于任何时间暂时或永久修改或终止部分或全部我们平台服务，对此，我们平台对用户和任何第三人均无需承担任何责任。用户同意，所有上传、张贴、发送到我们平台的内容，我们平台均无保存义务，用户应自行备份。我们平台不对任何内容丢失以及用户因此而遭受的相关损失承担责任。</p>\r\n<p><strong>十二、终止服务</strong></p>\r\n<p>用户同意我们平台可单方面判断并决定，如果用户违反本使用协议或用户长时间未能使用其帐号，我们平台可以终止该用户的密码、帐号或某些服务的使用，并可将该用户在我们平台服务中留存的任何内容加以移除或删除。我们平台亦可基于自身考虑，在通知或未通知之情形下，随时对该用户终止部分或全部服务。用户了解并同意依本使用协议，无需进行事先通知，我们平台可在发现任何不适宜内容时，立即关闭或删除该用户的帐号及其帐号中所有相关信息及文件，并暂时或永久禁止该用户继续使用前述文件或帐号。</p>\r\n<p><strong>十三、与广告商进行的交易</strong></p>\r\n<p>用户通过我们平台服务与广告商进行任何形式的通讯或商业往来，或参与促销活动(包括相关商品或服务的付款及交付)，以及达成的其它任何条款、条件、保证或声明，完全是用户与广告商之间的行为。除有关法律法规明文规定要求我们平台承担责任外，用户因前述任何交易、沟通等而遭受的任何性质的损失或损害，我们平台均不予负责。</p>\r\n<p><strong>十四、链接</strong></p>\r\n<p>用户了解并同意，对于我们平台服务或第三人提供的其它网站或资源的链接是否可以利用，我们平台不予负责;存在或源于此类网站或资源的任何内容、广告、产品或其它资料，我们平台亦不保证或负责。因使用或信赖任何此类网站或资源发布的或经由此类网站或资源获得的任何商品、服务、信息，如对用户造成任何损害，我们平台不负任何直接或间接责任。</p>\r\n<p><strong>十五、禁止商业行为</strong></p>\r\n<p>用户同意不对我们平台服务的任何部分或全部以及用户通过我们平台的服务取得的任何物品、服务、信息等，进行复制、拷贝、出售、转售或用于任何其它商业目的。</p>\r\n<p><strong>十六、我们平台的专属权利</strong></p>\r\n<p>用户了解并同意，我们平台服务及其所使用的相关软件(以下简称\"服务软件\")含有受到相关知识产权及其它法律保护的专有保密资料。用户同时了解并同意，经由我们平台服务或广告商向用户呈现的赞助广告或信息所包含之内容，亦可能受到著作权、商标、专利等相关法律的保护。未经我们平台或广告商书面授权，用户不得修改、出售、传播部分或全部服务内容或软件，或加以制作衍生服务或软件。我们平台仅授予用户个人非专属的使用权，用户不得(也不得允许任何第三人)复制、修改、创作衍生著作，或通过进行还原工程、反向组译及其它方式破译原代码。用户也不得以转让、许可、设定任何担保或其它方式移转服务和软件的任何权利。用户同意只能通过由我们平台所提供的界面而非任何其它方式使用我们平台服务。</p>\r\n<p><strong>十七、担保与保证</strong></p>\r\n<p>我们平台使用协议的任何规定均不会免除因我们平台造成用户人身伤害或因故意造成用户财产损失而应承担的任何责任。</p>\r\n<p>用户使用我们平台服务的风险由用户个人承担。我们平台对服务不提供任何明示或默示的担保或保证，包括但不限于商业适售性、特定目的的适用性及未侵害他人权利等的担保或保证。</p>\r\n<p>我们平台亦不保证以下事项：</p>\r\n<p>服务将符合用户的要求;</p>\r\n<p>服务将不受干扰、及时提供、安全可靠或不会出错;</p>\r\n<p>使用服务取得的结果正确可靠;</p>\r\n<p>用户经由我们平台服务购买或取得的任何产品、服务、资讯或其它信息将符合用户的期望，且软件中任何错误都将得到更正。</p>\r\n<p>用户应自行决定使用我们平台服务下载或取得任何资料且自负风险，因任何资料的下载而导致的用户电脑系统损坏或数据流失等后果，由用户自行承担。</p>\r\n<p>用户经由我们平台服务获知的任何建议或信息(无论书面或口头形式)，除非使用协议有明确规定，将不构成我们平台对用户的任何保证。</p>\r\n<p><strong>十八、责任限制</strong></p>\r\n<p>用户明确了解并同意，基于以下原因而造成的任何损失，我们平台均不承担任何直接、间接、附带、特别、衍生性或惩罚性赔偿责任(即使我们平台事先已被告知用户或第三方可能会产生相关损失)：</p>\r\n<p>我们平台服务的使用或无法使用;</p>\r\n<p>通过我们平台服务购买、兑换、交换取得的任何商品、数据、信息、服务、信息，或缔结交易而发生的成本;</p>\r\n<p>用户的传输或数据遭到未获授权的存取或变造;</p>\r\n<p>任何第三方在我们平台服务中所作的声明或行为;</p>\r\n<p>与我们平台服务相关的其它事宜，但本使用协议有明确规定的除外。</p>\r\n<p><strong>十九、一般性条款</strong></p>\r\n<p>本使用协议构成用户与我们平台之间的正式协议，并用于规范用户的使用行为。在用户使用我们平台服务、使用第三方提供的内容或软件时，在遵守本协议的基础上，亦应遵守与该等服务、内容、软件有关附加条款及条件。</p>\r\n<p>本使用协以及用户与我们平台之间的关系，均受到中华人民共和国法律管辖。</p>\r\n<p>用户与我们平台就服务本身、本使用协议或其它有关事项发生的争议，应通过友好协商解决。协商不成的，应向北京市东城区人民法院提起诉讼。</p>\r\n<p>我们平台未行使或执行本使用协议设定、赋予的任何权利，不构成对该等权利的放弃。</p>\r\n<p>本使用协议中的任何条款因与中华人民共和国法律相抵触而无效，并不影响其它条款的效力。</p>\r\n<p>本使用协议的标题仅供方便阅读而设，如与协议内容存在矛盾，以协议内容为准。</p>\r\n<p><strong>二十、举报</strong></p>\r\n<p>如用户发现任何违反本服务条款的情事，请及时通知我们平台。</p>\r\n</div>','term','',1,1),(2,'服务介绍','','intro','',1,1),(3,'隐私策略','','privacy','',1,1),(4,'关于我们','','about','',1,1),(5,'官方交流论坛','adsfadsfasdf','','http://www.souho.cc',0,1),(6,'极品商业源码','','','http://vip.souho.net',0,6);
/*!40000 ALTER TABLE `fanwe_help` ENABLE KEYS */;
UNLOCK TABLES;

--
-- Table structure for table `fanwe_index_image`
--

DROP TABLE IF EXISTS `fanwe_index_image`;
/*!40101 SET @saved_cs_client     = @@character_set_client */;
/*!40101 SET character_set_client = utf8 */;
CREATE TABLE `fanwe_index_image` (
  `id` int(11) NOT NULL AUTO_INCREMENT,
  `image` varchar(255) NOT NULL,
  `url` varchar(255) NOT NULL,
  `sort` int(11) NOT NULL,
  `title` varchar(255) NOT NULL,
  PRIMARY KEY (`id`)
) ENGINE=MyISAM AUTO_INCREMENT=11 DEFAULT CHARSET=utf8;
/*!40101 SET character_set_client = @saved_cs_client */;

--
-- Dumping data for table `fanwe_index_image`
--

LOCK TABLES `fanwe_index_image` WRITE;
/*!40000 ALTER TABLE `fanwe_index_image` DISABLE KEYS */;
INSERT INTO `fanwe_index_image` VALUES (7,'./public/attachment/201505/07/21/554b64a499fb2.jpg','',1,'banner1'),(8,'./public/attachment/201505/07/21/554b64b8616e2.jpg','',2,'banner2'),(9,'./public/attachment/201505/07/21/554b64d2e9088.jpg','',3,'banner3'),(10,'./public/attachment/201505/07/21/554b64df407c7.jpg','',4,'banner4');
/*!40000 ALTER TABLE `fanwe_index_image` ENABLE KEYS */;
UNLOCK TABLES;

--
-- Table structure for table `fanwe_log`
--

DROP TABLE IF EXISTS `fanwe_log`;
/*!40101 SET @saved_cs_client     = @@character_set_client */;
/*!40101 SET character_set_client = utf8 */;
CREATE TABLE `fanwe_log` (
  `id` int(11) NOT NULL AUTO_INCREMENT,
  `log_info` text NOT NULL,
  `log_time` int(11) NOT NULL,
  `log_admin` int(11) NOT NULL,
  `log_ip` varchar(255) NOT NULL,
  `log_status` tinyint(1) NOT NULL,
  `module` varchar(255) NOT NULL,
  `action` varchar(255) NOT NULL,
  PRIMARY KEY (`id`)
) ENGINE=MyISAM AUTO_INCREMENT=2475 DEFAULT CHARSET=utf8;
/*!40101 SET character_set_client = @saved_cs_client */;

--
-- Dumping data for table `fanwe_log`
--

LOCK TABLES `fanwe_log` WRITE;
/*!40000 ALTER TABLE `fanwe_log` DISABLE KEYS */;
INSERT INTO `fanwe_log` VALUES (2359,'方维众筹添加成功',1352227067,1,'127.0.0.1',1,'IndexImage','insert'),(2360,'方维众筹添加成功',1352227077,1,'127.0.0.1',1,'IndexImage','insert'),(2361,'原创DIY桌面游戏《功夫》《黄金密码》期待您的支持更新成功',1352229024,1,'127.0.0.1',1,'Deal','update'),(2362,'原创DIY桌面游戏《功夫》《黄金密码》期待您的支持更新成功',1352229031,1,'127.0.0.1',1,'Deal','update'),(2363,'55_is_recommend启用成功',1352229046,1,'127.0.0.1',1,'Deal','toogle_status'),(2394,'admin登录成功',1364014964,1,'127.0.0.1',1,'Public','do_login'),(2395,'admin管理员密码错误',1423601700,0,'127.0.0.1',0,'Public','do_login'),(2396,'admin管理员密码错误',1423601737,0,'127.0.0.1',0,'Public','do_login'),(2397,'admin管理员密码错误',1423601745,0,'127.0.0.1',0,'Public','do_login'),(2398,'admin登录成功',1423601788,1,'127.0.0.1',1,'Public','do_login'),(2399,'流浪猫的家—爱天使公益咖啡馆的重建需要大家的力量！更新成功',1423601826,1,'127.0.0.1',1,'Deal','update'),(2400,'流浪猫的家—爱天使公益咖啡馆的重建需要大家的力量！更新成功',1423611461,1,'127.0.0.1',1,'Deal','update'),(2401,'admin登录成功',1423786335,1,'127.0.0.1',1,'Public','do_login'),(2402,'流浪猫的家—爱天使公益咖啡馆的重建需要大家的力量！更新成功',1423786543,1,'127.0.0.1',1,'Deal','update'),(2403,'原创DIY桌面游戏《功夫》《黄金密码》期待您的支持更新成功',1423789084,1,'127.0.0.1',1,'Deal','update'),(2404,'admin登录成功',1424134709,1,'127.0.0.1',1,'Public','do_login'),(2405,'admin登录成功',1425940466,1,'127.0.0.1',1,'Public','do_login'),(2406,'原创DIY桌面游戏《功夫》《黄金密码》期待您的支持更新成功',1425940558,1,'127.0.0.1',1,'Deal','update'),(2407,'管理员操作',1425940630,1,'127.0.0.1',1,'User','modify_account'),(2408,'admin登录成功',1426799392,1,'192.168.1.118',1,'Public','do_login'),(2409,'admin登录成功',1427064467,1,'192.168.1.118',1,'Public','do_login'),(2410,'阳光职场招聘前端工程师更新成功',1427065252,1,'192.168.1.118',1,'Deal','update'),(2411,'阳光职场招聘前端工程师更新成功',1427066523,1,'192.168.1.118',1,'Deal','update'),(2412,'阳光职场招聘前端工程师更新成功',1427066549,1,'192.168.1.118',1,'Deal','update'),(2413,'阳光职场招聘前端工程师更新成功',1427066913,1,'192.168.1.118',1,'Deal','update'),(2414,'阳光职场招聘前端工程师更新成功',1427067011,1,'192.168.1.118',1,'Deal','update'),(2415,'阳光职场招聘前端工程师更新成功',1427067673,1,'192.168.1.118',1,'Deal','update'),(2416,'阳光职场招聘前端工程师更新成功',1427067848,1,'192.168.1.118',1,'Deal','update'),(2417,'阳光职场招聘前端工程师更新成功',1427067923,1,'192.168.1.118',1,'Deal','update'),(2418,'阳光职场招聘前端工程师更新成功',1427068333,1,'192.168.1.118',1,'Deal','update'),(2419,'阳光职场招聘前端工程师更新成功',1427068348,1,'192.168.1.118',1,'Deal','update'),(2420,'阳光职场招聘前端工程师更新成功',1427068355,1,'192.168.1.118',1,'Deal','update'),(2421,'阳光职场招聘前端工程师更新成功',1427068382,1,'192.168.1.118',1,'Deal','update'),(2422,'阳光职场招聘前端工程师更新成功',1427068400,1,'192.168.1.118',1,'Deal','update'),(2423,'阳光职场招聘美工添加成功',1427068749,1,'192.168.1.118',1,'Deal','insert'),(2424,'阳光职场招聘美工更新成功',1427068790,1,'192.168.1.118',1,'Deal','update'),(2425,'admin登录成功',1427313427,1,'192.168.0.104',1,'Public','do_login'),(2426,'招聘兼职文员[一小时50块大洋]更新成功',1427313908,1,'192.168.0.104',1,'Deal','update'),(2427,'招聘兼职文员[一小时50块大洋]更新成功',1427315411,1,'192.168.0.104',1,'Deal','update'),(2428,'招聘安保更新成功',1427324022,1,'192.168.0.104',1,'Deal','update'),(2429,'admin登录成功',1427326733,1,'192.168.0.104',1,'Public','do_login'),(2430,'admin登录成功',1427590203,1,'127.0.0.1',1,'Public','do_login'),(2431,'admin登录成功',1427655426,1,'127.0.0.1',1,'Public','do_login'),(2432,'招聘其他更新成功',1427655541,1,'127.0.0.1',1,'Deal','update'),(2433,'招聘安保更新成功',1427670356,1,'127.0.0.1',1,'Deal','update'),(2434,'admin登录成功',1427759474,1,'192.168.0.105',1,'Public','do_login'),(2435,'admin登录成功',1427825661,1,'127.0.0.1',1,'Public','do_login'),(2436,'更新系统配置',1427825696,1,'127.0.0.1',1,'Conf','update'),(2437,'更新系统配置',1427828318,1,'127.0.0.1',1,'Conf','update'),(2438,'admin登录成功',1427832939,1,'192.168.0.102',1,'Public','do_login'),(2439,'admin登录成功',1427847142,1,'192.168.0.100',1,'Public','do_login'),(2440,'admin登录成功',1428009468,1,'192.168.0.101',1,'Public','do_login'),(2441,'devil模特更新成功',1428013053,1,'192.168.0.101',1,'Deal','update'),(2442,'阳光职场启用成功',1430952760,1,'127.0.0.1',1,'User','set_effect'),(2443,'招聘工程师更新成功',1430952898,1,'127.0.0.1',1,'Deal','update'),(2444,'测试更新成功',1430966683,1,'127.0.0.1',1,'Deal','update'),(2445,'xxxx更新成功',1430968097,1,'127.0.0.1',1,'Deal','update'),(2446,'admin登录成功',1430974744,1,'127.0.0.1',1,'Public','do_login'),(2447,'搜虎精品社区www.souho.net|www.souho.cc提供本程序彻底删除成功',1430975504,1,'127.0.0.1',1,'IndexImage','foreverdelete'),(2448,'更多极品商业源码,就在搜虎精品社区VIP服务：vip.souho.cc彻底删除成功',1430975506,1,'127.0.0.1',1,'IndexImage','foreverdelete'),(2449,'banner1添加成功',1430975530,1,'127.0.0.1',1,'IndexImage','insert'),(2450,'banner2添加成功',1430975546,1,'127.0.0.1',1,'IndexImage','insert'),(2451,'banner3添加成功',1430975571,1,'127.0.0.1',1,'IndexImage','insert'),(2452,'banner4添加成功',1430975584,1,'127.0.0.1',1,'IndexImage','insert'),(2453,'找工作更新成功',1430976018,1,'127.0.0.1',1,'Nav','update'),(2454,'经典项目更新成功',1430976065,1,'127.0.0.1',1,'Nav','update'),(2455,'admin登录成功',1431022022,1,'127.0.0.1',1,'Public','do_login'),(2456,'admin登录成功',1431053951,1,'127.0.0.1',1,'Public','do_login'),(2457,'admin登录成功',1431146865,1,'127.0.0.1',1,'Public','do_login'),(2458,'tct更新成功',1431146948,1,'127.0.0.1',1,'Deal','update'),(2459,'早更新成功',1431149984,1,'127.0.0.1',1,'Deal','update'),(2460,'admin登录成功',1431290904,1,'127.0.0.1',1,'Public','do_login'),(2461,'ss彻底删除成功',1431291174,1,'127.0.0.1',1,'Deal','foreverdelete'),(2462,'招聘间谍彻底删除成功',1431291182,1,'127.0.0.1',1,'Deal','foreverdelete'),(2463,'测试2彻底删除成功',1431291184,1,'127.0.0.1',1,'Deal','foreverdelete'),(2464,'奥特曼添加失败',1431293331,1,'127.0.0.1',0,'Deal','insert'),(2465,'招聘测试模特更新成功',1431293539,1,'127.0.0.1',1,'Deal','update'),(2466,'石山石添加失败',1431293670,1,'127.0.0.1',0,'Deal','insert'),(2467,'11添加失败',1431294147,1,'127.0.0.1',0,'Deal','insert'),(2468,'石山石万维网添加成功',1431294617,1,'127.0.0.1',1,'Deal','insert'),(2469,'搜索更新成功',1431296309,1,'127.0.0.1',1,'Deal','update'),(2470,'搜索更新成功',1431296316,1,'127.0.0.1',1,'Deal','update'),(2471,'搜索更新成功',1431296449,1,'127.0.0.1',1,'Deal','update'),(2472,'搜索更新成功',1431296547,1,'127.0.0.1',1,'Deal','update'),(2473,'搜索更新成功',1431296554,1,'127.0.0.1',1,'Deal','update'),(2474,'搜索更新成功',1431299169,1,'127.0.0.1',1,'Deal','update');
/*!40000 ALTER TABLE `fanwe_log` ENABLE KEYS */;
UNLOCK TABLES;

--
-- Table structure for table `fanwe_mail_server`
--

DROP TABLE IF EXISTS `fanwe_mail_server`;
/*!40101 SET @saved_cs_client     = @@character_set_client */;
/*!40101 SET character_set_client = utf8 */;
CREATE TABLE `fanwe_mail_server` (
  `id` int(11) NOT NULL AUTO_INCREMENT,
  `smtp_server` varchar(255) NOT NULL,
  `smtp_name` varchar(255) NOT NULL,
  `smtp_pwd` varchar(255) NOT NULL,
  `is_ssl` tinyint(1) NOT NULL,
  `smtp_port` varchar(255) NOT NULL,
  `use_limit` int(11) NOT NULL,
  `is_reset` tinyint(1) NOT NULL,
  `is_effect` tinyint(1) NOT NULL,
  `total_use` int(11) NOT NULL,
  `is_verify` tinyint(1) NOT NULL,
  PRIMARY KEY (`id`)
) ENGINE=MyISAM DEFAULT CHARSET=utf8;
/*!40101 SET character_set_client = @saved_cs_client */;

--
-- Dumping data for table `fanwe_mail_server`
--

LOCK TABLES `fanwe_mail_server` WRITE;
/*!40000 ALTER TABLE `fanwe_mail_server` DISABLE KEYS */;
/*!40000 ALTER TABLE `fanwe_mail_server` ENABLE KEYS */;
UNLOCK TABLES;

--
-- Table structure for table `fanwe_msg_template`
--

DROP TABLE IF EXISTS `fanwe_msg_template`;
/*!40101 SET @saved_cs_client     = @@character_set_client */;
/*!40101 SET character_set_client = utf8 */;
CREATE TABLE `fanwe_msg_template` (
  `id` int(11) NOT NULL AUTO_INCREMENT,
  `name` varchar(255) NOT NULL,
  `content` text NOT NULL,
  `type` tinyint(1) NOT NULL,
  `is_html` tinyint(1) NOT NULL,
  PRIMARY KEY (`id`)
) ENGINE=MyISAM AUTO_INCREMENT=2 DEFAULT CHARSET=utf8;
/*!40101 SET character_set_client = @saved_cs_client */;

--
-- Dumping data for table `fanwe_msg_template`
--

LOCK TABLES `fanwe_msg_template` WRITE;
/*!40000 ALTER TABLE `fanwe_msg_template` DISABLE KEYS */;
INSERT INTO `fanwe_msg_template` VALUES (1,'TPL_MAIL_USER_PASSWORD','{$user.user_name}你好，请点击以下链接修改您的密码\r\n</p>\r\n<a href=\'{$user.password_url}\'>{$user.password_url}</a>',1,1);
/*!40000 ALTER TABLE `fanwe_msg_template` ENABLE KEYS */;
UNLOCK TABLES;

--
-- Table structure for table `fanwe_nav`
--

DROP TABLE IF EXISTS `fanwe_nav`;
/*!40101 SET @saved_cs_client     = @@character_set_client */;
/*!40101 SET character_set_client = utf8 */;
CREATE TABLE `fanwe_nav` (
  `id` int(11) NOT NULL AUTO_INCREMENT,
  `name` varchar(255) NOT NULL,
  `url` varchar(255) NOT NULL,
  `blank` tinyint(1) NOT NULL,
  `sort` int(11) NOT NULL,
  `is_effect` tinyint(1) NOT NULL,
  `u_module` varchar(255) NOT NULL,
  `u_action` varchar(255) NOT NULL,
  `u_id` int(11) NOT NULL,
  `u_param` varchar(255) NOT NULL,
  PRIMARY KEY (`id`)
) ENGINE=MyISAM AUTO_INCREMENT=51 DEFAULT CHARSET=utf8;
/*!40101 SET character_set_client = @saved_cs_client */;

--
-- Dumping data for table `fanwe_nav`
--

LOCK TABLES `fanwe_nav` WRITE;
/*!40000 ALTER TABLE `fanwe_nav` DISABLE KEYS */;
INSERT INTO `fanwe_nav` VALUES (42,'首页','',0,1,1,'index','',0,''),(47,'全职','',0,3,1,'deals','index',0,'r=classic'),(46,'兼职','',0,2,1,'deals','index',0,''),(48,'最新动态','',0,4,0,'news','index',0,''),(50,'发布招聘','',0,5,1,'project','add',0,'');
/*!40000 ALTER TABLE `fanwe_nav` ENABLE KEYS */;
UNLOCK TABLES;

--
-- Table structure for table `fanwe_payment`
--

DROP TABLE IF EXISTS `fanwe_payment`;
/*!40101 SET @saved_cs_client     = @@character_set_client */;
/*!40101 SET character_set_client = utf8 */;
CREATE TABLE `fanwe_payment` (
  `id` int(11) NOT NULL AUTO_INCREMENT,
  `class_name` varchar(255) NOT NULL,
  `is_effect` tinyint(1) NOT NULL,
  `online_pay` tinyint(1) NOT NULL,
  `name` varchar(255) NOT NULL,
  `description` text NOT NULL,
  `total_amount` double(20,4) NOT NULL,
  `config` text NOT NULL,
  `logo` varchar(255) NOT NULL,
  `sort` int(11) NOT NULL,
  PRIMARY KEY (`id`)
) ENGINE=MyISAM AUTO_INCREMENT=25 DEFAULT CHARSET=utf8;
/*!40101 SET character_set_client = @saved_cs_client */;

--
-- Dumping data for table `fanwe_payment`
--

LOCK TABLES `fanwe_payment` WRITE;
/*!40000 ALTER TABLE `fanwe_payment` DISABLE KEYS */;
INSERT INTO `fanwe_payment` VALUES (24,'AlipayBank',1,1,'支付宝银行直连支付','',0.0000,'a:4:{s:14:\"alipay_partner\";s:0:\"\";s:14:\"alipay_account\";s:0:\"\";s:10:\"alipay_key\";s:0:\"\";s:14:\"alipay_gateway\";a:17:{s:7:\"ICBCB2C\";s:1:\"1\";s:3:\"CMB\";s:1:\"1\";s:3:\"CCB\";s:1:\"1\";s:3:\"ABC\";s:1:\"1\";s:4:\"SPDB\";s:1:\"1\";s:3:\"SDB\";s:1:\"1\";s:3:\"CIB\";s:1:\"1\";s:6:\"BJBANK\";s:1:\"1\";s:7:\"CEBBANK\";s:1:\"1\";s:4:\"CMBC\";s:1:\"1\";s:5:\"CITIC\";s:1:\"1\";s:3:\"GDB\";s:1:\"1\";s:7:\"SPABANK\";s:1:\"1\";s:6:\"BOCB2C\";s:1:\"1\";s:4:\"COMM\";s:1:\"1\";s:7:\"ICBCBTB\";s:1:\"1\";s:10:\"PSBC-DEBIT\";s:1:\"1\";}}','',1);
/*!40000 ALTER TABLE `fanwe_payment` ENABLE KEYS */;
UNLOCK TABLES;

--
-- Table structure for table `fanwe_payment_notice`
--

DROP TABLE IF EXISTS `fanwe_payment_notice`;
/*!40101 SET @saved_cs_client     = @@character_set_client */;
/*!40101 SET character_set_client = utf8 */;
CREATE TABLE `fanwe_payment_notice` (
  `id` int(11) NOT NULL AUTO_INCREMENT,
  `notice_sn` varchar(255) NOT NULL,
  `create_time` int(11) NOT NULL,
  `pay_time` int(11) NOT NULL,
  `order_id` int(11) NOT NULL COMMENT 'order_idΪ0ʱΪ??ֵ',
  `is_paid` tinyint(1) NOT NULL,
  `user_id` int(11) NOT NULL,
  `payment_id` int(11) NOT NULL,
  `bank_id` varchar(255) NOT NULL,
  `memo` text NOT NULL,
  `money` double(20,4) NOT NULL,
  `outer_notice_sn` varchar(255) NOT NULL,
  `deal_id` int(11) NOT NULL COMMENT '0Ϊ??ֵ',
  `deal_item_id` int(11) NOT NULL COMMENT '0Ϊ??ֵ',
  `deal_name` varchar(255) NOT NULL COMMENT '??Ϊ??ֵ',
  PRIMARY KEY (`id`),
  UNIQUE KEY `notice_sn_unk` (`notice_sn`),
  KEY `order_id` (`order_id`),
  KEY `user_id` (`user_id`),
  KEY `payment_id` (`payment_id`),
  KEY `deal_id` (`deal_id`)
) ENGINE=MyISAM AUTO_INCREMENT=204 DEFAULT CHARSET=utf8;
/*!40101 SET character_set_client = @saved_cs_client */;

--
-- Dumping data for table `fanwe_payment_notice`
--

LOCK TABLES `fanwe_payment_notice` WRITE;
/*!40000 ALTER TABLE `fanwe_payment_notice` DISABLE KEYS */;
INSERT INTO `fanwe_payment_notice` VALUES (200,'20121107399',1352230157,0,67,0,19,24,'ICBCB2C','',500.0000,'',56,24,'拥有自己的咖啡馆'),(201,'20121107985',1352230180,1352230180,67,1,19,0,'','管理员收款',500.0000,'',56,24,'拥有自己的咖啡馆'),(202,'20121107931',1352231631,0,78,0,19,24,'CCB','ttt',500.0000,'',58,30,'流浪猫的家—爱天使公益咖啡馆的重建需要大家的力量！'),(203,'20121107124',1352231671,0,79,0,17,24,'ICBCB2C','部份支付',200.0000,'',56,24,'拥有自己的咖啡馆');
/*!40000 ALTER TABLE `fanwe_payment_notice` ENABLE KEYS */;
UNLOCK TABLES;

--
-- Table structure for table `fanwe_region_conf`
--

DROP TABLE IF EXISTS `fanwe_region_conf`;
/*!40101 SET @saved_cs_client     = @@character_set_client */;
/*!40101 SET character_set_client = utf8 */;
CREATE TABLE `fanwe_region_conf` (
  `id` int(11) NOT NULL AUTO_INCREMENT,
  `pid` int(11) NOT NULL,
  `name` varchar(50) NOT NULL COMMENT '????????',
  `region_level` tinyint(4) NOT NULL COMMENT '1:?? 2:ʡ 3:??(??) 4:??(??)',
  `py` varchar(50) NOT NULL,
  PRIMARY KEY (`id`)
) ENGINE=MyISAM AUTO_INCREMENT=3401 DEFAULT CHARSET=utf8;
/*!40101 SET character_set_client = @saved_cs_client */;

--
-- Dumping data for table `fanwe_region_conf`
--

LOCK TABLES `fanwe_region_conf` WRITE;
/*!40000 ALTER TABLE `fanwe_region_conf` DISABLE KEYS */;
INSERT INTO `fanwe_region_conf` VALUES (3,1,'安徽',2,'anhui'),(4,1,'福建',2,'fujian'),(5,1,'甘肃',2,'gansu'),(6,1,'广东',2,'guangdong'),(7,1,'广西',2,'guangxi'),(8,1,'贵州',2,'guizhou'),(9,1,'海南',2,'hainan'),(10,1,'河北',2,'hebei'),(11,1,'河南',2,'henan'),(12,1,'黑龙江',2,'heilongjiang'),(13,1,'湖北',2,'hubei'),(14,1,'湖南',2,'hunan'),(15,1,'吉林',2,'jilin'),(16,1,'江苏',2,'jiangsu'),(17,1,'江西',2,'jiangxi'),(18,1,'辽宁',2,'liaoning'),(19,1,'内蒙古',2,'neimenggu'),(20,1,'宁夏',2,'ningxia'),(21,1,'青海',2,'qinghai'),(22,1,'山东',2,'shandong'),(23,1,'山西',2,'shanxi'),(24,1,'陕西',2,'shanxi'),(26,1,'四川',2,'sichuan'),(28,1,'西藏',2,'xicang'),(29,1,'新疆',2,'xinjiang'),(30,1,'云南',2,'yunnan'),(31,1,'浙江',2,'zhejiang'),(36,3,'安庆',3,'anqing'),(37,3,'蚌埠',3,'bangbu'),(38,3,'巢湖',3,'chaohu'),(39,3,'池州',3,'chizhou'),(40,3,'滁州',3,'chuzhou'),(41,3,'阜阳',3,'fuyang'),(42,3,'淮北',3,'huaibei'),(43,3,'淮南',3,'huainan'),(44,3,'黄山',3,'huangshan'),(45,3,'六安',3,'liuan'),(46,3,'马鞍山',3,'maanshan'),(47,3,'宿州',3,'suzhou'),(48,3,'铜陵',3,'tongling'),(49,3,'芜湖',3,'wuhu'),(50,3,'宣城',3,'xuancheng'),(51,3,'亳州',3,'zhou'),(52,2,'北京',2,'beijing'),(53,4,'福州',3,'fuzhou'),(54,4,'龙岩',3,'longyan'),(55,4,'南平',3,'nanping'),(56,4,'宁德',3,'ningde'),(57,4,'莆田',3,'putian'),(58,4,'泉州',3,'quanzhou'),(59,4,'三明',3,'sanming'),(60,4,'厦门',3,'xiamen'),(61,4,'漳州',3,'zhangzhou'),(62,5,'兰州',3,'lanzhou'),(63,5,'白银',3,'baiyin'),(64,5,'定西',3,'dingxi'),(65,5,'甘南',3,'gannan'),(66,5,'嘉峪关',3,'jiayuguan'),(67,5,'金昌',3,'jinchang'),(68,5,'酒泉',3,'jiuquan'),(69,5,'临夏',3,'linxia'),(70,5,'陇南',3,'longnan'),(71,5,'平凉',3,'pingliang'),(72,5,'庆阳',3,'qingyang'),(73,5,'天水',3,'tianshui'),(74,5,'武威',3,'wuwei'),(75,5,'张掖',3,'zhangye'),(76,6,'广州',3,'guangzhou'),(77,6,'深圳',3,'shen'),(78,6,'潮州',3,'chaozhou'),(79,6,'东莞',3,'dong'),(80,6,'佛山',3,'foshan'),(81,6,'河源',3,'heyuan'),(82,6,'惠州',3,'huizhou'),(83,6,'江门',3,'jiangmen'),(84,6,'揭阳',3,'jieyang'),(85,6,'茂名',3,'maoming'),(86,6,'梅州',3,'meizhou'),(87,6,'清远',3,'qingyuan'),(88,6,'汕头',3,'shantou'),(89,6,'汕尾',3,'shanwei'),(90,6,'韶关',3,'shaoguan'),(91,6,'阳江',3,'yangjiang'),(92,6,'云浮',3,'yunfu'),(93,6,'湛江',3,'zhanjiang'),(94,6,'肇庆',3,'zhaoqing'),(95,6,'中山',3,'zhongshan'),(96,6,'珠海',3,'zhuhai'),(97,7,'南宁',3,'nanning'),(98,7,'桂林',3,'guilin'),(99,7,'百色',3,'baise'),(100,7,'北海',3,'beihai'),(101,7,'崇左',3,'chongzuo'),(102,7,'防城港',3,'fangchenggang'),(103,7,'贵港',3,'guigang'),(104,7,'河池',3,'hechi'),(105,7,'贺州',3,'hezhou'),(106,7,'来宾',3,'laibin'),(107,7,'柳州',3,'liuzhou'),(108,7,'钦州',3,'qinzhou'),(109,7,'梧州',3,'wuzhou'),(110,7,'玉林',3,'yulin'),(111,8,'贵阳',3,'guiyang'),(112,8,'安顺',3,'anshun'),(113,8,'毕节',3,'bijie'),(114,8,'六盘水',3,'liupanshui'),(115,8,'黔东南',3,'qiandongnan'),(116,8,'黔南',3,'qiannan'),(117,8,'黔西南',3,'qianxinan'),(118,8,'铜仁',3,'tongren'),(119,8,'遵义',3,'zunyi'),(120,9,'海口',3,'haikou'),(121,9,'三亚',3,'sanya'),(122,9,'白沙',3,'baisha'),(123,9,'保亭',3,'baoting'),(124,9,'昌江',3,'changjiang'),(125,9,'澄迈县',3,'chengmaixian'),(126,9,'定安县',3,'dinganxian'),(127,9,'东方',3,'dongfang'),(128,9,'乐东',3,'ledong'),(129,9,'临高县',3,'lingaoxian'),(130,9,'陵水',3,'lingshui'),(131,9,'琼海',3,'qionghai'),(132,9,'琼中',3,'qiongzhong'),(133,9,'屯昌县',3,'tunchangxian'),(134,9,'万宁',3,'wanning'),(135,9,'文昌',3,'wenchang'),(136,9,'五指山',3,'wuzhishan'),(137,9,'儋州',3,'zhou'),(138,10,'石家庄',3,'shijiazhuang'),(139,10,'保定',3,'baoding'),(140,10,'沧州',3,'cangzhou'),(141,10,'承德',3,'chengde'),(142,10,'邯郸',3,'handan'),(143,10,'衡水',3,'hengshui'),(144,10,'廊坊',3,'langfang'),(145,10,'秦皇岛',3,'qinhuangdao'),(146,10,'唐山',3,'tangshan'),(147,10,'邢台',3,'xingtai'),(148,10,'张家口',3,'zhangjiakou'),(149,11,'郑州',3,'zhengzhou'),(150,11,'洛阳',3,'luoyang'),(151,11,'开封',3,'kaifeng'),(152,11,'安阳',3,'anyang'),(153,11,'鹤壁',3,'hebi'),(154,11,'济源',3,'jiyuan'),(155,11,'焦作',3,'jiaozuo'),(156,11,'南阳',3,'nanyang'),(157,11,'平顶山',3,'pingdingshan'),(158,11,'三门峡',3,'sanmenxia'),(159,11,'商丘',3,'shangqiu'),(160,11,'新乡',3,'xinxiang'),(161,11,'信阳',3,'xinyang'),(162,11,'许昌',3,'xuchang'),(163,11,'周口',3,'zhoukou'),(164,11,'驻马店',3,'zhumadian'),(165,11,'漯河',3,'he'),(166,11,'濮阳',3,'yang'),(167,12,'哈尔滨',3,'haerbin'),(168,12,'大庆',3,'daqing'),(169,12,'大兴安岭',3,'daxinganling'),(170,12,'鹤岗',3,'hegang'),(171,12,'黑河',3,'heihe'),(172,12,'鸡西',3,'jixi'),(173,12,'佳木斯',3,'jiamusi'),(174,12,'牡丹江',3,'mudanjiang'),(175,12,'七台河',3,'qitaihe'),(176,12,'齐齐哈尔',3,'qiqihaer'),(177,12,'双鸭山',3,'shuangyashan'),(178,12,'绥化',3,'suihua'),(179,12,'伊春',3,'yichun'),(180,13,'武汉',3,'wuhan'),(181,13,'仙桃',3,'xiantao'),(182,13,'鄂州',3,'ezhou'),(183,13,'黄冈',3,'huanggang'),(184,13,'黄石',3,'huangshi'),(185,13,'荆门',3,'jingmen'),(186,13,'荆州',3,'jingzhou'),(187,13,'潜江',3,'qianjiang'),(188,13,'神农架林区',3,'shennongjialinqu'),(189,13,'十堰',3,'shiyan'),(190,13,'随州',3,'suizhou'),(191,13,'天门',3,'tianmen'),(192,13,'咸宁',3,'xianning'),(193,13,'襄樊',3,'xiangfan'),(194,13,'孝感',3,'xiaogan'),(195,13,'宜昌',3,'yichang'),(196,13,'恩施',3,'enshi'),(197,14,'长沙',3,'changsha'),(198,14,'张家界',3,'zhangjiajie'),(199,14,'常德',3,'changde'),(200,14,'郴州',3,'chenzhou'),(201,14,'衡阳',3,'hengyang'),(202,14,'怀化',3,'huaihua'),(203,14,'娄底',3,'loudi'),(204,14,'邵阳',3,'shaoyang'),(205,14,'湘潭',3,'xiangtan'),(206,14,'湘西',3,'xiangxi'),(207,14,'益阳',3,'yiyang'),(208,14,'永州',3,'yongzhou'),(209,14,'岳阳',3,'yueyang'),(210,14,'株洲',3,'zhuzhou'),(211,15,'长春',3,'changchun'),(212,15,'吉林',3,'jilin'),(213,15,'白城',3,'baicheng'),(214,15,'白山',3,'baishan'),(215,15,'辽源',3,'liaoyuan'),(216,15,'四平',3,'siping'),(217,15,'松原',3,'songyuan'),(218,15,'通化',3,'tonghua'),(219,15,'延边',3,'yanbian'),(220,16,'南京',3,'nanjing'),(221,16,'苏州',3,'suzhou'),(222,16,'无锡',3,'wuxi'),(223,16,'常州',3,'changzhou'),(224,16,'淮安',3,'huaian'),(225,16,'连云港',3,'lianyungang'),(226,16,'南通',3,'nantong'),(227,16,'宿迁',3,'suqian'),(228,16,'泰州',3,'taizhou'),(229,16,'徐州',3,'xuzhou'),(230,16,'盐城',3,'yancheng'),(231,16,'扬州',3,'yangzhou'),(232,16,'镇江',3,'zhenjiang'),(233,17,'南昌',3,'nanchang'),(234,17,'抚州',3,'fuzhou'),(235,17,'赣州',3,'ganzhou'),(236,17,'吉安',3,'jian'),(237,17,'景德镇',3,'jingdezhen'),(238,17,'九江',3,'jiujiang'),(239,17,'萍乡',3,'pingxiang'),(240,17,'上饶',3,'shangrao'),(241,17,'新余',3,'xinyu'),(242,17,'宜春',3,'yichun'),(243,17,'鹰潭',3,'yingtan'),(244,18,'沈阳',3,'shenyang'),(245,18,'大连',3,'dalian'),(246,18,'鞍山',3,'anshan'),(247,18,'本溪',3,'benxi'),(248,18,'朝阳',3,'chaoyang'),(249,18,'丹东',3,'dandong'),(250,18,'抚顺',3,'fushun'),(251,18,'阜新',3,'fuxin'),(252,18,'葫芦岛',3,'huludao'),(253,18,'锦州',3,'jinzhou'),(254,18,'辽阳',3,'liaoyang'),(255,18,'盘锦',3,'panjin'),(256,18,'铁岭',3,'tieling'),(257,18,'营口',3,'yingkou'),(258,19,'呼和浩特',3,'huhehaote'),(259,19,'阿拉善盟',3,'alashanmeng'),(260,19,'巴彦淖尔盟',3,'bayannaoermeng'),(261,19,'包头',3,'baotou'),(262,19,'赤峰',3,'chifeng'),(263,19,'鄂尔多斯',3,'eerduosi'),(264,19,'呼伦贝尔',3,'hulunbeier'),(265,19,'通辽',3,'tongliao'),(266,19,'乌海',3,'wuhai'),(267,19,'乌兰察布市',3,'wulanchabushi'),(268,19,'锡林郭勒盟',3,'xilinguolemeng'),(269,19,'兴安盟',3,'xinganmeng'),(270,20,'银川',3,'yinchuan'),(271,20,'固原',3,'guyuan'),(272,20,'石嘴山',3,'shizuishan'),(273,20,'吴忠',3,'wuzhong'),(274,20,'中卫',3,'zhongwei'),(275,21,'西宁',3,'xining'),(276,21,'果洛',3,'guoluo'),(277,21,'海北',3,'haibei'),(278,21,'海东',3,'haidong'),(279,21,'海南',3,'hainan'),(280,21,'海西',3,'haixi'),(281,21,'黄南',3,'huangnan'),(282,21,'玉树',3,'yushu'),(283,22,'济南',3,'jinan'),(284,22,'青岛',3,'qingdao'),(285,22,'滨州',3,'binzhou'),(286,22,'德州',3,'dezhou'),(287,22,'东营',3,'dongying'),(288,22,'菏泽',3,'heze'),(289,22,'济宁',3,'jining'),(290,22,'莱芜',3,'laiwu'),(291,22,'聊城',3,'liaocheng'),(292,22,'临沂',3,'linyi'),(293,22,'日照',3,'rizhao'),(294,22,'泰安',3,'taian'),(295,22,'威海',3,'weihai'),(296,22,'潍坊',3,'weifang'),(297,22,'烟台',3,'yantai'),(298,22,'枣庄',3,'zaozhuang'),(299,22,'淄博',3,'zibo'),(300,23,'太原',3,'taiyuan'),(301,23,'长治',3,'changzhi'),(302,23,'大同',3,'datong'),(303,23,'晋城',3,'jincheng'),(304,23,'晋中',3,'jinzhong'),(305,23,'临汾',3,'linfen'),(306,23,'吕梁',3,'lvliang'),(307,23,'朔州',3,'shuozhou'),(308,23,'忻州',3,'xinzhou'),(309,23,'阳泉',3,'yangquan'),(310,23,'运城',3,'yuncheng'),(311,24,'西安',3,'xian'),(312,24,'安康',3,'ankang'),(313,24,'宝鸡',3,'baoji'),(314,24,'汉中',3,'hanzhong'),(315,24,'商洛',3,'shangluo'),(316,24,'铜川',3,'tongchuan'),(317,24,'渭南',3,'weinan'),(318,24,'咸阳',3,'xianyang'),(319,24,'延安',3,'yanan'),(320,24,'榆林',3,'yulin'),(321,25,'上海',2,'shanghai'),(322,26,'成都',3,'chengdu'),(323,26,'绵阳',3,'mianyang'),(324,26,'阿坝',3,'aba'),(325,26,'巴中',3,'bazhong'),(326,26,'达州',3,'dazhou'),(327,26,'德阳',3,'deyang'),(328,26,'甘孜',3,'ganzi'),(329,26,'广安',3,'guangan'),(330,26,'广元',3,'guangyuan'),(331,26,'乐山',3,'leshan'),(332,26,'凉山',3,'liangshan'),(333,26,'眉山',3,'meishan'),(334,26,'南充',3,'nanchong'),(335,26,'内江',3,'neijiang'),(336,26,'攀枝花',3,'panzhihua'),(337,26,'遂宁',3,'suining'),(338,26,'雅安',3,'yaan'),(339,26,'宜宾',3,'yibin'),(340,26,'资阳',3,'ziyang'),(341,26,'自贡',3,'zigong'),(342,26,'泸州',3,'zhou'),(343,27,'天津',2,'tianjin'),(344,28,'拉萨',3,'lasa'),(345,28,'阿里',3,'ali'),(346,28,'昌都',3,'changdu'),(347,28,'林芝',3,'linzhi'),(348,28,'那曲',3,'naqu'),(349,28,'日喀则',3,'rikaze'),(350,28,'山南',3,'shannan'),(351,29,'乌鲁木齐',3,'wulumuqi'),(352,29,'阿克苏',3,'akesu'),(353,29,'阿拉尔',3,'alaer'),(354,29,'巴音郭楞',3,'bayinguoleng'),(355,29,'博尔塔拉',3,'boertala'),(356,29,'昌吉',3,'changji'),(357,29,'哈密',3,'hami'),(358,29,'和田',3,'hetian'),(359,29,'喀什',3,'kashi'),(360,29,'克拉玛依',3,'kelamayi'),(361,29,'克孜勒苏',3,'kezilesu'),(362,29,'石河子',3,'shihezi'),(363,29,'图木舒克',3,'tumushuke'),(364,29,'吐鲁番',3,'tulufan'),(365,29,'五家渠',3,'wujiaqu'),(366,29,'伊犁',3,'yili'),(367,30,'昆明',3,'kunming'),(368,30,'怒江',3,'nujiang'),(369,30,'普洱',3,'puer'),(370,30,'丽江',3,'lijiang'),(371,30,'保山',3,'baoshan'),(372,30,'楚雄',3,'chuxiong'),(373,30,'大理',3,'dali'),(374,30,'德宏',3,'dehong'),(375,30,'迪庆',3,'diqing'),(376,30,'红河',3,'honghe'),(377,30,'临沧',3,'lincang'),(378,30,'曲靖',3,'qujing'),(379,30,'文山',3,'wenshan'),(380,30,'西双版纳',3,'xishuangbanna'),(381,30,'玉溪',3,'yuxi'),(382,30,'昭通',3,'zhaotong'),(383,31,'杭州',3,'hangzhou'),(384,31,'湖州',3,'huzhou'),(385,31,'嘉兴',3,'jiaxing'),(386,31,'金华',3,'jinhua'),(387,31,'丽水',3,'lishui'),(388,31,'宁波',3,'ningbo'),(389,31,'绍兴',3,'shaoxing'),(390,31,'台州',3,'taizhou'),(391,31,'温州',3,'wenzhou'),(392,31,'舟山',3,'zhoushan'),(393,31,'衢州',3,'zhou'),(394,32,'重庆',2,'zhongqing'),(395,33,'香港',2,'xianggang'),(396,34,'澳门',2,'aomen'),(397,35,'台湾',2,'taiwan'),(500,52,'东城区',3,'dongchengqu'),(501,52,'西城区',3,'xichengqu'),(502,52,'海淀区',3,'haidianqu'),(503,52,'朝阳区',3,'chaoyangqu'),(504,52,'崇文区',3,'chongwenqu'),(505,52,'宣武区',3,'xuanwuqu'),(506,52,'丰台区',3,'fengtaiqu'),(507,52,'石景山区',3,'shijingshanqu'),(508,52,'房山区',3,'fangshanqu'),(509,52,'门头沟区',3,'mentougouqu'),(510,52,'通州区',3,'tongzhouqu'),(511,52,'顺义区',3,'shunyiqu'),(512,52,'昌平区',3,'changpingqu'),(513,52,'怀柔区',3,'huairouqu'),(514,52,'平谷区',3,'pingguqu'),(515,52,'大兴区',3,'daxingqu'),(516,52,'密云县',3,'miyunxian'),(517,52,'延庆县',3,'yanqingxian'),(2703,321,'长宁区',3,'changningqu'),(2704,321,'闸北区',3,'zhabeiqu'),(2705,321,'闵行区',3,'xingqu'),(2706,321,'徐汇区',3,'xuhuiqu'),(2707,321,'浦东新区',3,'pudongxinqu'),(2708,321,'杨浦区',3,'yangpuqu'),(2709,321,'普陀区',3,'putuoqu'),(2710,321,'静安区',3,'jinganqu'),(2711,321,'卢湾区',3,'luwanqu'),(2712,321,'虹口区',3,'hongkouqu'),(2713,321,'黄浦区',3,'huangpuqu'),(2714,321,'南汇区',3,'nanhuiqu'),(2715,321,'松江区',3,'songjiangqu'),(2716,321,'嘉定区',3,'jiadingqu'),(2717,321,'宝山区',3,'baoshanqu'),(2718,321,'青浦区',3,'qingpuqu'),(2719,321,'金山区',3,'jinshanqu'),(2720,321,'奉贤区',3,'fengxianqu'),(2721,321,'崇明县',3,'chongmingxian'),(2912,343,'和平区',3,'hepingqu'),(2913,343,'河西区',3,'hexiqu'),(2914,343,'南开区',3,'nankaiqu'),(2915,343,'河北区',3,'hebeiqu'),(2916,343,'河东区',3,'hedongqu'),(2917,343,'红桥区',3,'hongqiaoqu'),(2918,343,'东丽区',3,'dongliqu'),(2919,343,'津南区',3,'jinnanqu'),(2920,343,'西青区',3,'xiqingqu'),(2921,343,'北辰区',3,'beichenqu'),(2922,343,'塘沽区',3,'tangguqu'),(2923,343,'汉沽区',3,'hanguqu'),(2924,343,'大港区',3,'dagangqu'),(2925,343,'武清区',3,'wuqingqu'),(2926,343,'宝坻区',3,'baoqu'),(2927,343,'经济开发区',3,'jingjikaifaqu'),(2928,343,'宁河县',3,'ninghexian'),(2929,343,'静海县',3,'jinghaixian'),(2930,343,'蓟县',3,'jixian'),(3325,394,'合川区',3,'hechuanqu'),(3326,394,'江津区',3,'jiangjinqu'),(3327,394,'南川区',3,'nanchuanqu'),(3328,394,'永川区',3,'yongchuanqu'),(3329,394,'南岸区',3,'nananqu'),(3330,394,'渝北区',3,'yubeiqu'),(3331,394,'万盛区',3,'wanshengqu'),(3332,394,'大渡口区',3,'dadukouqu'),(3333,394,'万州区',3,'wanzhouqu'),(3334,394,'北碚区',3,'beiqu'),(3335,394,'沙坪坝区',3,'shapingbaqu'),(3336,394,'巴南区',3,'bananqu'),(3337,394,'涪陵区',3,'fulingqu'),(3338,394,'江北区',3,'jiangbeiqu'),(3339,394,'九龙坡区',3,'jiulongpoqu'),(3340,394,'渝中区',3,'yuzhongqu'),(3341,394,'黔江开发区',3,'qianjiangkaifaqu'),(3342,394,'长寿区',3,'changshouqu'),(3343,394,'双桥区',3,'shuangqiaoqu'),(3344,394,'綦江县',3,'jiangxian'),(3345,394,'潼南县',3,'nanxian'),(3346,394,'铜梁县',3,'tongliangxian'),(3347,394,'大足县',3,'dazuxian'),(3348,394,'荣昌县',3,'rongchangxian'),(3349,394,'璧山县',3,'shanxian'),(3350,394,'垫江县',3,'dianjiangxian'),(3351,394,'武隆县',3,'wulongxian'),(3352,394,'丰都县',3,'fengduxian'),(3353,394,'城口县',3,'chengkouxian'),(3354,394,'梁平县',3,'liangpingxian'),(3355,394,'开县',3,'kaixian'),(3356,394,'巫溪县',3,'wuxixian'),(3357,394,'巫山县',3,'wushanxian'),(3358,394,'奉节县',3,'fengjiexian'),(3359,394,'云阳县',3,'yunyangxian'),(3360,394,'忠县',3,'zhongxian'),(3361,394,'石柱',3,'shizhu'),(3362,394,'彭水',3,'pengshui'),(3363,394,'酉阳',3,'youyang'),(3364,394,'秀山',3,'xiushan'),(3365,395,'沙田区',3,'shatianqu'),(3366,395,'东区',3,'dongqu'),(3367,395,'观塘区',3,'guantangqu'),(3368,395,'黄大仙区',3,'huangdaxianqu'),(3369,395,'九龙城区',3,'jiulongchengqu'),(3370,395,'屯门区',3,'tunmenqu'),(3371,395,'葵青区',3,'kuiqingqu'),(3372,395,'元朗区',3,'yuanlangqu'),(3373,395,'深水埗区',3,'shenshui'),(3374,395,'西贡区',3,'xigongqu'),(3375,395,'大埔区',3,'dapuqu'),(3376,395,'湾仔区',3,'wanziqu'),(3377,395,'油尖旺区',3,'youjianwangqu'),(3378,395,'北区',3,'beiqu'),(3379,395,'南区',3,'nanqu'),(3380,395,'荃湾区',3,'wanqu'),(3381,395,'中西区',3,'zhongxiqu'),(3382,395,'离岛区',3,'lidaoqu'),(3383,396,'澳门',3,'aomen'),(3384,397,'台北',3,'taibei'),(3385,397,'高雄',3,'gaoxiong'),(3386,397,'基隆',3,'jilong'),(3387,397,'台中',3,'taizhong'),(3388,397,'台南',3,'tainan'),(3389,397,'新竹',3,'xinzhu'),(3390,397,'嘉义',3,'jiayi'),(3391,397,'宜兰县',3,'yilanxian'),(3392,397,'桃园县',3,'taoyuanxian'),(3393,397,'苗栗县',3,'miaolixian'),(3394,397,'彰化县',3,'zhanghuaxian'),(3395,397,'南投县',3,'nantouxian'),(3396,397,'云林县',3,'yunlinxian'),(3397,397,'屏东县',3,'pingdongxian'),(3398,397,'台东县',3,'taidongxian'),(3399,397,'花莲县',3,'hualianxian'),(3400,397,'澎湖县',3,'penghuxian');
/*!40000 ALTER TABLE `fanwe_region_conf` ENABLE KEYS */;
UNLOCK TABLES;

--
-- Table structure for table `fanwe_role`
--

DROP TABLE IF EXISTS `fanwe_role`;
/*!40101 SET @saved_cs_client     = @@character_set_client */;
/*!40101 SET character_set_client = utf8 */;
CREATE TABLE `fanwe_role` (
  `id` int(11) NOT NULL AUTO_INCREMENT,
  `name` varchar(255) NOT NULL,
  `is_effect` tinyint(1) NOT NULL,
  `is_delete` tinyint(1) NOT NULL,
  PRIMARY KEY (`id`)
) ENGINE=MyISAM AUTO_INCREMENT=5 DEFAULT CHARSET=utf8;
/*!40101 SET character_set_client = @saved_cs_client */;

--
-- Dumping data for table `fanwe_role`
--

LOCK TABLES `fanwe_role` WRITE;
/*!40000 ALTER TABLE `fanwe_role` DISABLE KEYS */;
INSERT INTO `fanwe_role` VALUES (4,'测试管理员',1,0);
/*!40000 ALTER TABLE `fanwe_role` ENABLE KEYS */;
UNLOCK TABLES;

--
-- Table structure for table `fanwe_role_access`
--

DROP TABLE IF EXISTS `fanwe_role_access`;
/*!40101 SET @saved_cs_client     = @@character_set_client */;
/*!40101 SET character_set_client = utf8 */;
CREATE TABLE `fanwe_role_access` (
  `id` int(11) NOT NULL AUTO_INCREMENT,
  `role_id` int(11) NOT NULL,
  `node_id` int(11) NOT NULL,
  `module_id` int(11) NOT NULL,
  PRIMARY KEY (`id`)
) ENGINE=MyISAM DEFAULT CHARSET=utf8;
/*!40101 SET character_set_client = @saved_cs_client */;

--
-- Dumping data for table `fanwe_role_access`
--

LOCK TABLES `fanwe_role_access` WRITE;
/*!40000 ALTER TABLE `fanwe_role_access` DISABLE KEYS */;
/*!40000 ALTER TABLE `fanwe_role_access` ENABLE KEYS */;
UNLOCK TABLES;

--
-- Table structure for table `fanwe_role_group`
--

DROP TABLE IF EXISTS `fanwe_role_group`;
/*!40101 SET @saved_cs_client     = @@character_set_client */;
/*!40101 SET character_set_client = utf8 */;
CREATE TABLE `fanwe_role_group` (
  `id` int(11) NOT NULL AUTO_INCREMENT,
  `name` varchar(255) NOT NULL,
  `nav_id` int(11) NOT NULL COMMENT '??̨????????ID',
  `is_delete` tinyint(1) NOT NULL,
  `is_effect` tinyint(1) NOT NULL,
  `sort` int(11) NOT NULL,
  PRIMARY KEY (`id`)
) ENGINE=MyISAM AUTO_INCREMENT=79 DEFAULT CHARSET=utf8;
/*!40101 SET character_set_client = @saved_cs_client */;

--
-- Dumping data for table `fanwe_role_group`
--

LOCK TABLES `fanwe_role_group` WRITE;
/*!40000 ALTER TABLE `fanwe_role_group` DISABLE KEYS */;
INSERT INTO `fanwe_role_group` VALUES (1,'首页',1,0,1,1),(5,'系统设置',3,0,1,1),(7,'管理员',3,0,1,2),(8,'数据库操作',3,0,1,6),(9,'系统日志',3,0,1,7),(19,'菜单设置',3,0,1,17),(28,'邮件管理',10,0,1,26),(29,'短信管理',10,0,1,27),(31,'广告设置',3,0,1,29),(33,'队列管理',10,0,1,31),(69,'会员管理',5,0,1,31),(70,'会员整合',5,0,1,32),(71,'同步登录',5,0,1,33),(72,'项目管理',13,0,1,33),(73,'项目支持',13,0,1,34),(74,'项目点评',13,0,1,35),(75,'支付接口',14,0,1,1),(76,'付款记录',14,0,1,2),(77,'消息模板',10,0,1,1),(78,'提现记录',14,0,1,3);
/*!40000 ALTER TABLE `fanwe_role_group` ENABLE KEYS */;
UNLOCK TABLES;

--
-- Table structure for table `fanwe_role_module`
--

DROP TABLE IF EXISTS `fanwe_role_module`;
/*!40101 SET @saved_cs_client     = @@character_set_client */;
/*!40101 SET character_set_client = utf8 */;
CREATE TABLE `fanwe_role_module` (
  `id` int(11) NOT NULL AUTO_INCREMENT,
  `module` varchar(255) NOT NULL,
  `name` varchar(255) NOT NULL,
  `is_effect` tinyint(1) NOT NULL,
  `is_delete` tinyint(1) NOT NULL,
  PRIMARY KEY (`id`)
) ENGINE=MyISAM AUTO_INCREMENT=127 DEFAULT CHARSET=utf8;
/*!40101 SET character_set_client = @saved_cs_client */;

--
-- Dumping data for table `fanwe_role_module`
--

LOCK TABLES `fanwe_role_module` WRITE;
/*!40000 ALTER TABLE `fanwe_role_module` DISABLE KEYS */;
INSERT INTO `fanwe_role_module` VALUES (5,'Role','权限组别',1,0),(6,'Admin','管理员',1,0),(12,'Conf','系统配置',1,0),(13,'Database','数据库',1,0),(15,'Log','系统日志',1,0),(19,'File','文件管理',1,0),(58,'Index','首页',1,0),(36,'Nav','导航菜单',1,0),(47,'MailServer','邮件服务器',1,0),(48,'Sms','短信接口',1,0),(53,'Adv','广告模块',1,0),(56,'DealMsgList','业务群发队列',1,0),(92,'Cache','缓存处理',1,0),(113,'User','会员管理',1,0),(114,'MsgTemplate','消息模板管理',1,0),(115,'Integrate','会员整合',1,0),(116,'ApiLogin','同步登录',1,0),(117,'DealCate','项目分类',1,0),(118,'Deal','项目管理',1,0),(119,'Payment','支付接口',1,0),(120,'IndexImage','轮播广告图',1,0),(121,'Help','站点帮助',1,0),(122,'Faq','常见问题',1,0),(123,'DealOrder','项目支持',1,0),(124,'DealComment','项目点评',1,0),(125,'PaymentNotice','付款记录',1,0),(126,'UserRefund','用户提现',1,0);
/*!40000 ALTER TABLE `fanwe_role_module` ENABLE KEYS */;
UNLOCK TABLES;

--
-- Table structure for table `fanwe_role_nav`
--

DROP TABLE IF EXISTS `fanwe_role_nav`;
/*!40101 SET @saved_cs_client     = @@character_set_client */;
/*!40101 SET character_set_client = utf8 */;
CREATE TABLE `fanwe_role_nav` (
  `id` int(11) NOT NULL AUTO_INCREMENT,
  `name` varchar(255) NOT NULL,
  `is_delete` tinyint(1) NOT NULL,
  `is_effect` tinyint(1) NOT NULL,
  `sort` int(11) NOT NULL,
  PRIMARY KEY (`id`)
) ENGINE=MyISAM AUTO_INCREMENT=15 DEFAULT CHARSET=utf8;
/*!40101 SET character_set_client = @saved_cs_client */;

--
-- Dumping data for table `fanwe_role_nav`
--

LOCK TABLES `fanwe_role_nav` WRITE;
/*!40000 ALTER TABLE `fanwe_role_nav` DISABLE KEYS */;
INSERT INTO `fanwe_role_nav` VALUES (1,'首页',0,1,1),(3,'系统设置',0,1,10),(5,'会员管理',0,1,3),(10,'短信邮件',0,1,7),(13,'项目管理',0,1,4),(14,'支付管理',0,1,5);
/*!40000 ALTER TABLE `fanwe_role_nav` ENABLE KEYS */;
UNLOCK TABLES;

--
-- Table structure for table `fanwe_role_node`
--

DROP TABLE IF EXISTS `fanwe_role_node`;
/*!40101 SET @saved_cs_client     = @@character_set_client */;
/*!40101 SET character_set_client = utf8 */;
CREATE TABLE `fanwe_role_node` (
  `id` int(11) NOT NULL AUTO_INCREMENT,
  `action` varchar(255) NOT NULL,
  `name` varchar(255) NOT NULL,
  `is_effect` tinyint(1) NOT NULL,
  `is_delete` tinyint(1) NOT NULL,
  `group_id` int(11) NOT NULL COMMENT '??̨?????˵?????ID',
  `module_id` int(11) NOT NULL,
  PRIMARY KEY (`id`)
) ENGINE=MyISAM AUTO_INCREMENT=667 DEFAULT CHARSET=utf8;
/*!40101 SET character_set_client = @saved_cs_client */;

--
-- Dumping data for table `fanwe_role_node`
--

LOCK TABLES `fanwe_role_node` WRITE;
/*!40000 ALTER TABLE `fanwe_role_node` DISABLE KEYS */;
INSERT INTO `fanwe_role_node` VALUES (334,'main','首页',1,0,1,58),(11,'index','管理员分组列表',1,0,7,5),(13,'trash','管理员分组回收站',1,0,7,5),(14,'index','管理员列表',1,0,7,6),(15,'trash','管理员回收站',1,0,7,6),(16,'index','系统配置',1,0,5,12),(17,'index','数据库备份列表',1,0,8,13),(18,'sql','SQL操作',1,0,8,13),(19,'index','系统日志列表',1,0,9,15),(24,'do_upload','编辑器图片上传',1,0,0,19),(43,'index','导航菜单列表',1,0,19,36),(57,'index','邮件服务器列表',1,0,28,47),(58,'index','短信接口列表',1,0,29,48),(63,'index','广告列表',1,0,31,53),(66,'index','业务队列列表',1,0,33,56),(68,'add','添加页面',1,0,0,6),(69,'edit','编辑页面',1,0,0,6),(70,'set_effect','设置生效',1,0,0,6),(71,'add','添加执行',1,0,0,6),(72,'update','编辑执行',1,0,0,6),(73,'delete','删除',1,0,0,6),(74,'restore','恢复',1,0,0,6),(75,'foreverdelete','永久删除',1,0,0,6),(76,'set_default','设置默认管理员',1,0,0,6),(77,'add','添加页面',1,0,0,53),(78,'edit','编辑页面',1,0,0,53),(79,'update','编辑执行',1,0,0,53),(80,'foreverdelete','永久删除',1,0,0,53),(81,'set_effect','设置生效',1,0,0,53),(99,'update','更新配置',1,0,0,12),(100,'dump','备份数据',1,0,0,13),(101,'delete','删除备份',1,0,0,13),(102,'restore','恢复备份',1,0,0,13),(103,'load_file','读取页面',1,0,0,53),(104,'load_adv_id','读取广告位',1,0,0,53),(105,'execute','执行SQL语句',1,0,0,13),(147,'show_content','显示内容',1,0,0,56),(148,'send','手动发送',1,0,0,56),(149,'foreverdelete','永久删除',1,0,0,56),(181,'do_upload_img','图片控件上传',1,0,0,19),(182,'deleteImg','删除图片',1,0,0,19),(198,'foreverdelete','永久删除',1,0,0,15),(205,'add','添加页面',1,0,0,47),(206,'insert','添加执行',1,0,0,47),(207,'edit','编辑页面',1,0,0,47),(208,'update','编辑执行',1,0,0,47),(209,'set_effect','设置生效',1,0,0,47),(210,'foreverdelete','永久删除',1,0,0,47),(211,'send_demo','发送测试邮件',1,0,0,47),(229,'edit','编辑页面',1,0,0,36),(230,'update','编辑执行',1,0,0,36),(231,'set_effect','设置生效',1,0,0,36),(232,'set_sort','排序',1,0,0,36),(257,'add','添加页面',1,0,0,5),(258,'insert','添加执行',1,0,0,5),(259,'edit','编辑页面',1,0,0,5),(260,'update','编辑执行',1,0,0,5),(261,'set_effect','设置生效',1,0,0,5),(262,'delete','删除',1,0,0,5),(263,'restore','恢复',1,0,0,5),(264,'foreverdelete','永久删除',1,0,0,5),(265,'insert','安装页面',1,0,0,48),(266,'insert','安装保存',1,0,0,48),(267,'edit','编辑页面',1,0,0,48),(268,'update','编辑执行',1,0,0,48),(269,'uninstall','卸载',1,0,0,48),(270,'set_effect','设置生效',1,0,0,48),(271,'send_demo','发送测试短信',1,0,0,48),(474,'index','缓存处理',1,0,0,92),(475,'clear_parse_file','清空脚本样式缓存',1,0,0,92),(477,'clear_data','清空数据缓存',1,0,0,92),(480,'syn_data','同步数据',1,0,0,92),(481,'clear_image','清空图片缓存',1,0,0,92),(482,'clear_admin','清空后台缓存',1,0,0,92),(605,'index','消息模板',1,0,77,114),(606,'update','更新模板',1,0,0,114),(607,'index','会员列表',1,0,69,113),(608,'add','添加会员',1,0,0,113),(609,'insert','添提执行',1,0,0,113),(610,'edit','编辑会员',1,0,0,113),(611,'update','编辑执行',1,0,0,113),(612,'delete','删除会员',1,0,0,113),(613,'modify_account','会员资金变更',1,0,0,113),(614,'account_detail','帐户日志',1,0,0,113),(615,'foreverdelete_account_detail','删除帐户日志',1,0,0,113),(616,'consignee','配送地址',1,0,0,113),(617,'foreverdelete_consignee','删除配送地址',1,0,0,113),(618,'weibo','微博列表',1,0,0,113),(619,'foreverdelete_weibo','删除微博',1,0,0,113),(620,'index','会员整合',1,0,70,115),(621,'save','执行整合',1,0,0,115),(622,'uninstall','卸载整合',1,0,0,115),(623,'index','同步登录接口',1,0,71,116),(624,'insert','安装接口',1,0,0,116),(625,'update','更新配置',1,0,0,116),(626,'uninstall','卸载接口',1,0,0,116),(627,'index','分类列表',1,0,72,117),(628,'insert','添加分类',1,0,0,117),(629,'update','更新分类',1,0,0,117),(630,'foreverdelete','删除分类',1,0,0,117),(631,'online_index','上线项目列表',1,0,72,118),(632,'submit_index','未审核项目',1,0,72,118),(633,'index','支付接口列表',1,0,75,119),(634,'insert','安装支付接口',1,0,0,119),(635,'update','更新支付接口',1,0,0,119),(636,'uninstall','卸载接口',1,0,0,119),(637,'index','轮播广告设置',1,0,5,120),(638,'insert','添加广告',1,0,0,120),(639,'update','修改广告',1,0,0,120),(640,'foreverdelete','删除广告',1,0,0,120),(641,'delete_index','回收站',1,0,72,118),(642,'index','帮助列表',1,0,5,121),(643,'insert','添加帮助',1,0,0,121),(644,'update','修改帮助',1,0,0,121),(645,'foreverdelete','删除帮助',1,0,0,121),(646,'index','常见问题',1,0,5,122),(647,'insert','添加问题',1,0,0,122),(648,'update','更新问题',1,0,0,122),(649,'foreverdelete','删除问题',1,0,0,122),(650,'pay_log','筹款发放',1,0,0,118),(651,'save_pay_log','发放',1,0,0,118),(652,'del_pay_log','删除发放',1,0,0,118),(653,'deal_log','项目日志',1,0,0,118),(654,'del_deal_log','删除日志',1,0,0,118),(655,'batch_refund','批量退款',1,0,0,118),(656,'index','项目支持',1,0,73,123),(657,'view','查看详情',1,0,0,123),(658,'refund','项目退款',1,0,0,123),(659,'delete','删除支持',1,0,0,123),(660,'incharge','项目收款',1,0,0,123),(661,'index','项目点评',1,0,74,124),(662,'index','付款记录',1,0,76,125),(663,'delete','删除记录',1,0,0,125),(664,'index','提现记录',1,0,78,126),(665,'delete','删除记录',1,0,0,126),(666,'confirm','确认提现',1,0,0,126);
/*!40000 ALTER TABLE `fanwe_role_node` ENABLE KEYS */;
UNLOCK TABLES;

--
-- Table structure for table `fanwe_sms`
--

DROP TABLE IF EXISTS `fanwe_sms`;
/*!40101 SET @saved_cs_client     = @@character_set_client */;
/*!40101 SET character_set_client = utf8 */;
CREATE TABLE `fanwe_sms` (
  `id` int(11) NOT NULL AUTO_INCREMENT,
  `name` varchar(255) NOT NULL,
  `description` text NOT NULL,
  `class_name` varchar(255) NOT NULL,
  `server_url` text NOT NULL,
  `user_name` varchar(255) NOT NULL,
  `password` varchar(255) NOT NULL,
  `config` text NOT NULL,
  `is_effect` tinyint(1) NOT NULL,
  PRIMARY KEY (`id`)
) ENGINE=MyISAM DEFAULT CHARSET=utf8;
/*!40101 SET character_set_client = @saved_cs_client */;

--
-- Dumping data for table `fanwe_sms`
--

LOCK TABLES `fanwe_sms` WRITE;
/*!40000 ALTER TABLE `fanwe_sms` DISABLE KEYS */;
/*!40000 ALTER TABLE `fanwe_sms` ENABLE KEYS */;
UNLOCK TABLES;

--
-- Table structure for table `fanwe_user`
--

DROP TABLE IF EXISTS `fanwe_user`;
/*!40101 SET @saved_cs_client     = @@character_set_client */;
/*!40101 SET character_set_client = utf8 */;
CREATE TABLE `fanwe_user` (
  `id` int(11) NOT NULL AUTO_INCREMENT,
  `user_name` varchar(255) NOT NULL,
  `user_pwd` varchar(255) NOT NULL,
  `create_time` int(11) NOT NULL,
  `update_time` int(11) NOT NULL,
  `is_effect` tinyint(1) NOT NULL,
  `email` varchar(255) NOT NULL,
  `money` double(20,4) NOT NULL,
  `login_time` int(11) NOT NULL,
  `login_ip` varchar(50) NOT NULL,
  `province` varchar(10) NOT NULL,
  `city` varchar(10) NOT NULL,
  `password_verify` varchar(255) NOT NULL COMMENT '?һ?????????֤??',
  `sex` tinyint(1) NOT NULL COMMENT '?Ա?',
  `build_count` int(11) NOT NULL COMMENT '????????Ŀ??',
  `support_count` int(11) NOT NULL COMMENT '֧?ֵ???Ŀ??',
  `focus_count` int(11) NOT NULL COMMENT '??ע????Ŀ??',
  `integrate_id` int(11) NOT NULL,
  `intro` text NOT NULL COMMENT '???˼???',
  `ex_real_name` varchar(255) NOT NULL COMMENT '????????ʵ????',
  `ex_account_info` text NOT NULL COMMENT '?????ʺŵ???Ϣ',
  `ex_contact` text NOT NULL COMMENT 'ϵ??ʽ',
  `code` varchar(255) NOT NULL,
  `sina_id` varchar(255) NOT NULL,
  `sina_token` varchar(255) NOT NULL,
  `sina_secret` varchar(255) NOT NULL,
  `sina_url` varchar(255) NOT NULL,
  `tencent_id` varchar(255) NOT NULL,
  `tencent_token` varchar(255) NOT NULL,
  `tencent_secret` varchar(255) NOT NULL,
  `tencent_url` varchar(255) NOT NULL,
  `is_company` tinyint(1) NOT NULL DEFAULT '0',
  PRIMARY KEY (`id`),
  UNIQUE KEY `user_name` (`user_name`),
  KEY `is_effect` (`is_effect`)
) ENGINE=MyISAM AUTO_INCREMENT=30 DEFAULT CHARSET=utf8;
/*!40101 SET character_set_client = @saved_cs_client */;

--
-- Dumping data for table `fanwe_user`
--

LOCK TABLES `fanwe_user` WRITE;
/*!40000 ALTER TABLE `fanwe_user` DISABLE KEYS */;
INSERT INTO `fanwe_user` VALUES (17,'fanwe','6714ccb93be0fda4e51f206b91b46358',1352227130,1352227130,1,'97139915@qq.com',1200.0000,1352232219,'127.0.0.1','福建','福州','',1,3,1,1,0,'方维众筹 - http://zc.fanwe.cn','','','','','','','','','','','','',0),(18,'fzmatthew','6714ccb93be0fda4e51f206b91b46358',1352229180,1352229180,1,'fanwe@fanwe.com',980.0000,1352246617,'127.0.0.1','北京','东城区','',1,0,3,1,0,'爱旅行的猫，生活在路上','','','','','','','','','','','','',0),(19,'test','098f6bcd4621d373cade4e832627b4f6',1352230142,1352230142,1,'test@test.com',0.0000,1352232937,'127.0.0.1','广东','江门','',0,0,10,0,0,'','','','','','','','','','','','','',0),(28,'devil','e34a8899ef6468b74f8a1048419ccc8b',1424796386,1424796386,1,'devilyouwei@gmail.com',9500.0000,1431306865,'192.168.1.139','江苏','苏州','',1,3,0,4,0,'我叫黄有为','','','','','','','','','','','','',0),(29,'阳光职场','e34a8899ef6468b74f8a1048419ccc8b',1430952751,1430952751,1,'devilyouwei@mail.com',0.0000,1431286568,'127.0.0.1','','','',0,7,0,1,0,'','','','','','','','','','','','','',1);
/*!40000 ALTER TABLE `fanwe_user` ENABLE KEYS */;
UNLOCK TABLES;
/*!50003 SET @saved_cs_client      = @@character_set_client */ ;
/*!50003 SET @saved_cs_results     = @@character_set_results */ ;
/*!50003 SET @saved_col_connection = @@collation_connection */ ;
/*!50003 SET character_set_client  = utf8 */ ;
/*!50003 SET character_set_results = utf8 */ ;
/*!50003 SET collation_connection  = utf8_general_ci */ ;
/*!50003 SET @saved_sql_mode       = @@sql_mode */ ;
/*!50003 SET sql_mode              = '' */ ;
DELIMITER ;;
/*!50003 CREATE*/ /*!50017 DEFINER=`root`@`localhost`*/ /*!50003 TRIGGER `tri_make_user_resume` AFTER INSERT ON `fanwe_user`  FOR EACH ROW INSERT INTO fanwe_user_resume(id,user_id,user_name) values(NULL,new.id,new.user_name) */;;
DELIMITER ;
/*!50003 SET sql_mode              = @saved_sql_mode */ ;
/*!50003 SET character_set_client  = @saved_cs_client */ ;
/*!50003 SET character_set_results = @saved_cs_results */ ;
/*!50003 SET collation_connection  = @saved_col_connection */ ;
/*!50003 SET @saved_cs_client      = @@character_set_client */ ;
/*!50003 SET @saved_cs_results     = @@character_set_results */ ;
/*!50003 SET @saved_col_connection = @@collation_connection */ ;
/*!50003 SET character_set_client  = utf8 */ ;
/*!50003 SET character_set_results = utf8 */ ;
/*!50003 SET collation_connection  = utf8_general_ci */ ;
/*!50003 SET @saved_sql_mode       = @@sql_mode */ ;
/*!50003 SET sql_mode              = '' */ ;
DELIMITER ;;
/*!50003 CREATE*/ /*!50017 DEFINER=`root`@`localhost`*/ /*!50003 TRIGGER `tri_del_user_resume` AFTER DELETE ON `fanwe_user`  FOR EACH ROW DELETE FROM fanwe_user_resume where user_id=old.id */;;
DELIMITER ;
/*!50003 SET sql_mode              = @saved_sql_mode */ ;
/*!50003 SET character_set_client  = @saved_cs_client */ ;
/*!50003 SET character_set_results = @saved_cs_results */ ;
/*!50003 SET collation_connection  = @saved_col_connection */ ;

--
-- Table structure for table `fanwe_user_consignee`
--

DROP TABLE IF EXISTS `fanwe_user_consignee`;
/*!40101 SET @saved_cs_client     = @@character_set_client */;
/*!40101 SET character_set_client = utf8 */;
CREATE TABLE `fanwe_user_consignee` (
  `id` int(11) NOT NULL AUTO_INCREMENT,
  `user_id` int(11) NOT NULL,
  `province` varchar(255) NOT NULL,
  `city` varchar(255) NOT NULL,
  `address` text NOT NULL,
  `mobile` varchar(255) NOT NULL,
  `zip` varchar(255) NOT NULL,
  `consignee` varchar(255) NOT NULL,
  PRIMARY KEY (`id`),
  KEY `user_id` (`user_id`)
) ENGINE=MyISAM AUTO_INCREMENT=22 DEFAULT CHARSET=utf8;
/*!40101 SET character_set_client = @saved_cs_client */;

--
-- Dumping data for table `fanwe_user_consignee`
--

LOCK TABLES `fanwe_user_consignee` WRITE;
/*!40000 ALTER TABLE `fanwe_user_consignee` DISABLE KEYS */;
INSERT INTO `fanwe_user_consignee` VALUES (18,18,'福建','福州','福建福州台江区工业路博美诗邦','13333333333','350000','方维'),(19,17,'福建','福州','方维方维方维方维方维','14444444444','22222','方维'),(20,19,'湖北','襄樊','test','13344455555','test','test'),(21,28,'澳门','澳门','位置','18015647707','2155000','黄有为');
/*!40000 ALTER TABLE `fanwe_user_consignee` ENABLE KEYS */;
UNLOCK TABLES;

--
-- Table structure for table `fanwe_user_contact`
--

DROP TABLE IF EXISTS `fanwe_user_contact`;
/*!40101 SET @saved_cs_client     = @@character_set_client */;
/*!40101 SET character_set_client = utf8 */;
CREATE TABLE `fanwe_user_contact` (
  `id` int(11) NOT NULL AUTO_INCREMENT,
  `user_id` int(11) NOT NULL,
  `contact` varchar(255) NOT NULL,
  PRIMARY KEY (`id`),
  KEY `user_id` (`user_id`)
) ENGINE=MyISAM AUTO_INCREMENT=569 DEFAULT CHARSET=utf8;
/*!40101 SET character_set_client = @saved_cs_client */;

--
-- Dumping data for table `fanwe_user_contact`
--

LOCK TABLES `fanwe_user_contact` WRITE;
/*!40000 ALTER TABLE `fanwe_user_contact` DISABLE KEYS */;
INSERT INTO `fanwe_user_contact` VALUES (55,17,'http://weibo.com/fzmatthew'),(538,20,'qq→_→351091463aa'),(537,20,'邮箱么不是有嘛→_→←_←'),(536,20,'电话呢，18852950271'),(567,28,'电话18852950271'),(568,28,'qq351091463'),(566,28,'邮箱');
/*!40000 ALTER TABLE `fanwe_user_contact` ENABLE KEYS */;
UNLOCK TABLES;

--
-- Table structure for table `fanwe_user_deal_notify`
--

DROP TABLE IF EXISTS `fanwe_user_deal_notify`;
/*!40101 SET @saved_cs_client     = @@character_set_client */;
/*!40101 SET character_set_client = utf8 */;
CREATE TABLE `fanwe_user_deal_notify` (
  `id` int(11) NOT NULL AUTO_INCREMENT,
  `user_id` int(11) NOT NULL,
  `deal_id` int(11) NOT NULL,
  `create_time` int(11) NOT NULL,
  PRIMARY KEY (`id`),
  UNIQUE KEY `deal_id_user_id` (`user_id`,`deal_id`),
  KEY `user_id` (`user_id`),
  KEY `deal_id` (`deal_id`)
) ENGINE=MyISAM AUTO_INCREMENT=35 DEFAULT CHARSET=utf8;
/*!40101 SET character_set_client = @saved_cs_client */;

--
-- Dumping data for table `fanwe_user_deal_notify`
--

LOCK TABLES `fanwe_user_deal_notify` WRITE;
/*!40000 ALTER TABLE `fanwe_user_deal_notify` DISABLE KEYS */;
INSERT INTO `fanwe_user_deal_notify` VALUES (20,18,55,1352229388),(28,28,61,1427330207),(26,28,60,1427303588),(34,29,72,1431147534),(31,28,63,1427764613);
/*!40000 ALTER TABLE `fanwe_user_deal_notify` ENABLE KEYS */;
UNLOCK TABLES;

--
-- Table structure for table `fanwe_user_log`
--

DROP TABLE IF EXISTS `fanwe_user_log`;
/*!40101 SET @saved_cs_client     = @@character_set_client */;
/*!40101 SET character_set_client = utf8 */;
CREATE TABLE `fanwe_user_log` (
  `id` int(11) NOT NULL AUTO_INCREMENT,
  `log_info` text NOT NULL,
  `log_time` int(11) NOT NULL,
  `log_admin_id` int(11) NOT NULL,
  `money` double(20,4) NOT NULL,
  `user_id` int(11) NOT NULL,
  PRIMARY KEY (`id`)
) ENGINE=MyISAM AUTO_INCREMENT=135 DEFAULT CHARSET=utf8;
/*!40101 SET character_set_client = @saved_cs_client */;

--
-- Dumping data for table `fanwe_user_log`
--

LOCK TABLES `fanwe_user_log` WRITE;
/*!40000 ALTER TABLE `fanwe_user_log` DISABLE KEYS */;
INSERT INTO `fanwe_user_log` VALUES (114,'管理员测试充值',1352229203,1,1000.0000,18),(115,'支持原创DIY桌面游戏《功夫》《黄金密码》期待您的支持项目支付',1352229388,1,-20.0000,18),(116,'管理员测试充值',1352229989,1,2000.0000,17),(117,'支持拥有自己的咖啡馆项目支付',1352230101,1,-500.0000,17),(118,'test',1352230213,1,5000.0000,19),(119,'支持拥有自己的咖啡馆项目支付',1352230228,1,-500.0000,19),(120,'支持拥有自己的咖啡馆项目支付',1352230232,1,-500.0000,19),(121,'支持拥有自己的咖啡馆项目支付',1352230237,1,-500.0000,19),(122,'支持拥有自己的咖啡馆项目支付',1352230240,1,-500.0000,19),(123,'支持拥有自己的咖啡馆项目支付',1352230243,1,-500.0000,19),(124,'支持拥有自己的咖啡馆项目支付',1352230247,1,-500.0000,19),(125,'支持拥有自己的咖啡馆项目支付',1352230268,1,-500.0000,19),(126,'支持拥有自己的咖啡馆项目支付',1352230270,1,-500.0000,19),(127,'支持拥有自己的咖啡馆项目支付',1352230293,1,-500.0000,19),(128,'继续测试',1352231510,1,5000.0000,18),(129,'支持流浪猫的家—爱天使公益咖啡馆的重建需要大家的力量！项目支付',1352231539,1,-2000.0000,18),(130,'支持流浪猫的家—爱天使公益咖啡馆的重建需要大家的力量！项目支付',1352231631,1,-500.0000,19),(131,'支持拥有自己的咖啡馆项目支付',1352231671,1,-300.0000,17),(132,'支持流浪猫的家—爱天使公益咖啡馆的重建需要大家的力量！项目支付',1352231704,1,-3000.0000,18),(133,'管理员操作',1425940630,1,10000.0000,28),(134,'支持原创DIY桌面游戏《功夫》《黄金密码》期待您的支持项目支付',1425940703,1,-500.0000,28);
/*!40000 ALTER TABLE `fanwe_user_log` ENABLE KEYS */;
UNLOCK TABLES;

--
-- Table structure for table `fanwe_user_message`
--

DROP TABLE IF EXISTS `fanwe_user_message`;
/*!40101 SET @saved_cs_client     = @@character_set_client */;
/*!40101 SET character_set_client = utf8 */;
CREATE TABLE `fanwe_user_message` (
  `id` int(11) NOT NULL AUTO_INCREMENT,
  `create_time` int(11) NOT NULL,
  `message` text NOT NULL,
  `user_id` int(11) NOT NULL COMMENT '??˽????????ID',
  `dest_user_id` int(11) NOT NULL COMMENT '?Է????û?ID??????user_id?Ƿ????ˣ???IDΪ?ռ?????֮Ϊ??????ID??',
  `send_user_id` int(11) NOT NULL COMMENT '??????ID',
  `receive_user_id` int(11) NOT NULL COMMENT '?ռ???ID',
  `user_name` varchar(255) NOT NULL,
  `dest_user_name` varchar(255) NOT NULL,
  `send_user_name` varchar(255) NOT NULL,
  `receive_user_name` varchar(255) NOT NULL,
  `message_type` enum('inbox','outbox') NOT NULL COMMENT '???ͣ?inbox(?ռ?) outbox(????)',
  `is_read` tinyint(1) NOT NULL,
  PRIMARY KEY (`id`)
) ENGINE=MyISAM AUTO_INCREMENT=53 DEFAULT CHARSET=utf8;
/*!40101 SET character_set_client = @saved_cs_client */;

--
-- Dumping data for table `fanwe_user_message`
--

LOCK TABLES `fanwe_user_message` WRITE;
/*!40000 ALTER TABLE `fanwe_user_message` DISABLE KEYS */;
INSERT INTO `fanwe_user_message` VALUES (47,1352230383,'感谢支持',18,19,18,19,'fzmatthew','test','fzmatthew','test','outbox',1),(48,1352230383,'感谢支持',19,18,18,19,'test','fzmatthew','fzmatthew','test','inbox',0),(49,1352230403,'感谢您的支持!!!',18,17,18,17,'fzmatthew','fanwe','fzmatthew','fanwe','outbox',1),(50,1352230403,'感谢您的支持!!!',17,18,18,17,'fanwe','fzmatthew','fzmatthew','fanwe','inbox',0),(51,1352230499,'谢谢!!!',17,18,17,18,'fanwe','fzmatthew','fanwe','fzmatthew','outbox',1),(52,1352230499,'谢谢!!!',18,17,17,18,'fzmatthew','fanwe','fanwe','fzmatthew','inbox',0);
/*!40000 ALTER TABLE `fanwe_user_message` ENABLE KEYS */;
UNLOCK TABLES;

--
-- Table structure for table `fanwe_user_notify`
--

DROP TABLE IF EXISTS `fanwe_user_notify`;
/*!40101 SET @saved_cs_client     = @@character_set_client */;
/*!40101 SET character_set_client = utf8 */;
CREATE TABLE `fanwe_user_notify` (
  `id` int(11) NOT NULL AUTO_INCREMENT,
  `user_id` int(11) NOT NULL,
  `log_info` text NOT NULL,
  `log_time` int(11) NOT NULL,
  `is_read` tinyint(1) NOT NULL,
  `url_route` varchar(255) NOT NULL,
  `url_param` varchar(255) NOT NULL,
  PRIMARY KEY (`id`)
) ENGINE=MyISAM AUTO_INCREMENT=73 DEFAULT CHARSET=utf8;
/*!40101 SET character_set_client = @saved_cs_client */;

--
-- Dumping data for table `fanwe_user_notify`
--

LOCK TABLES `fanwe_user_notify` WRITE;
/*!40000 ALTER TABLE `fanwe_user_notify` DISABLE KEYS */;
INSERT INTO `fanwe_user_notify` VALUES (69,17,'拥有自己的咖啡馆 在 2012-11-07 11:31:10 成功筹到 ?5,000.00',1352230271,0,'deal#show','id=56'),(70,19,'拥有自己的咖啡馆 在 2012-11-07 11:31:10 成功筹到 ?5,000.00',1352230271,0,'deal#show','id=56'),(71,17,'您支持的项目拥有自己的咖啡馆回报已发放',1352230424,0,'account#view_order','id=66'),(72,18,'流浪猫的家—爱天使公益咖啡馆的重建需要大家的力量！ 在 2012-11-07 11:55:04 成功筹到 ?3,000.00',1352231704,0,'deal#show','id=58');
/*!40000 ALTER TABLE `fanwe_user_notify` ENABLE KEYS */;
UNLOCK TABLES;

--
-- Table structure for table `fanwe_user_refund`
--

DROP TABLE IF EXISTS `fanwe_user_refund`;
/*!40101 SET @saved_cs_client     = @@character_set_client */;
/*!40101 SET character_set_client = utf8 */;
CREATE TABLE `fanwe_user_refund` (
  `id` int(11) NOT NULL AUTO_INCREMENT,
  `money` double(20,4) NOT NULL,
  `user_id` int(11) NOT NULL,
  `create_time` int(11) NOT NULL COMMENT '????????ʱ??',
  `reply` text NOT NULL COMMENT '???????˻ظ?',
  `is_pay` tinyint(1) NOT NULL,
  `pay_time` int(11) NOT NULL,
  `memo` text NOT NULL COMMENT '???ֵı?ע',
  PRIMARY KEY (`id`),
  KEY `user_id` (`user_id`)
) ENGINE=MyISAM DEFAULT CHARSET=utf8;
/*!40101 SET character_set_client = @saved_cs_client */;

--
-- Dumping data for table `fanwe_user_refund`
--

LOCK TABLES `fanwe_user_refund` WRITE;
/*!40000 ALTER TABLE `fanwe_user_refund` DISABLE KEYS */;
/*!40000 ALTER TABLE `fanwe_user_refund` ENABLE KEYS */;
UNLOCK TABLES;

--
-- Table structure for table `fanwe_user_resume`
--

DROP TABLE IF EXISTS `fanwe_user_resume`;
/*!40101 SET @saved_cs_client     = @@character_set_client */;
/*!40101 SET character_set_client = utf8 */;
CREATE TABLE `fanwe_user_resume` (
  `id` int(11) NOT NULL AUTO_INCREMENT,
  `user_id` int(11) NOT NULL,
  `user_name` varchar(255) NOT NULL,
  `real_name` varchar(255) NOT NULL,
  `height` int(11) NOT NULL,
  `weight` int(11) NOT NULL,
  `birth` date NOT NULL,
  `intention` varchar(255) NOT NULL COMMENT '求职意向',
  `college` varchar(255) NOT NULL,
  `introme` text NOT NULL COMMENT '个人介绍',
  `experience` text NOT NULL,
  `create_time` int(11) NOT NULL,
  `time_table` text NOT NULL,
  PRIMARY KEY (`id`)
) ENGINE=InnoDB AUTO_INCREMENT=5 DEFAULT CHARSET=utf8 COMMENT='用户个人简历';
/*!40101 SET character_set_client = @saved_cs_client */;

--
-- Dumping data for table `fanwe_user_resume`
--

LOCK TABLES `fanwe_user_resume` WRITE;
/*!40000 ALTER TABLE `fanwe_user_resume` DISABLE KEYS */;
INSERT INTO `fanwe_user_resume` VALUES (3,28,'devil','黄有为',165,55,'2015-04-10','1|2|3|4|5|6|14|16|','北京航空航天大学','我是从常熟理工辍学的php程序猿，目前任职阳光职场的技术总监，熟悉jquery mobile','东洲跆拳道教练，阳光职场技术总监,首席架构师',1427764362,'\n                    <table id=\"time_table\" width=\"100%\" cellpadding=\"5%\" cellspacing=\"0\">\n                        <tbody><tr id=\"time_table_header\">\n                            <th>时间段</th>\n                            <th>Mon.</th>\n                            <th>Tues.</th>\n                            <th>Wed.</th>\n                            <th>Thur.</th>\n                            <th>Fri.</th>\n                            <th>Sat.</th>\n                            <th>Sun.</th>\n                        </tr>\n                        <tr>\n                            <th>上午</th>\n                            <td class=\"time_block time_block_selected\"><input name=\"mon1\" id=\"mon1\" type=\"hidden\"></td>\n                            <td class=\"time_block time_block_selected\"><input name=\"tues1\" id=\"tues1\" type=\"hidden\"></td>\n                            <td class=\"time_block time_block_selected\"><input name=\"wed1\" id=\"wed1\" type=\"hidden\"></td>\n                            <td class=\"time_block time_block_selected\"><input name=\"thur1\" id=\"thur1\" type=\"hidden\"></td>\n                            <td class=\"time_block time_block_selected\"><input name=\"fri1\" id=\"fri1\" type=\"hidden\"></td>\n                            <td class=\"time_block time_block_selected\"><input name=\"sat1\" id=\"sat1\" type=\"hidden\"></td>\n                            <td class=\"time_block time_block_selected\"><input name=\"sun1\" id=\"sun1\" type=\"hidden\"></td>\n                        </tr>\n                        <tr>\n                            <th>中午</th>\n                            <td class=\"time_block time_block_selected\"><input name=\"mon2\" id=\"mon2\" type=\"hidden\"></td>\n                            <td class=\"time_block time_block_selected\"><input name=\"tues2\" id=\"tues2\" type=\"hidden\"></td>\n                            <td class=\"time_block time_block_selected\"><input name=\"wed2\" id=\"wed2\" type=\"hidden\"></td>\n                            <td class=\"time_block time_block_selected\"><input name=\"thur2\" id=\"thur2\" type=\"hidden\"></td>\n                            <td class=\"time_block time_block_selected\"><input name=\"fri2\" id=\"fri2\" type=\"hidden\"></td>\n                            <td class=\"time_block time_block_selected\"><input name=\"sat2\" id=\"sat2\" type=\"hidden\"></td>\n                            <td class=\"time_block time_block_selected\"><input name=\"sun2\" id=\"sun2\" type=\"hidden\"></td>\n                        </tr>\n                        <tr>\n                            <th>中午</th>\n                            <td class=\"time_block time_block_selected\"><input name=\"mon3\" id=\"mon3\" type=\"hidden\"></td>\n                            <td class=\"time_block time_block_selected\"><input name=\"tues3\" id=\"tues3\" type=\"hidden\"></td>\n                            <td class=\"time_block time_block_selected\"><input name=\"wed3\" id=\"wed3\" type=\"hidden\"></td>\n                            <td class=\"time_block time_block_selected\"><input name=\"thur3\" id=\"thur3\" type=\"hidden\"></td>\n                            <td class=\"time_block time_block_selected\"><input name=\"fri3\" id=\"fri3\" type=\"hidden\"></td>\n                            <td class=\"time_block time_block_selected\"><input name=\"sat3\" id=\"sat3\" type=\"hidden\"></td>\n                            <td class=\"time_block time_block_selected\"><input name=\"sun3\" id=\"sun3\" type=\"hidden\"></td>\n                        </tr>\n                        <tr>\n                            <th>下午</th>\n                            <td class=\"time_block time_block_selected\"><input name=\"mon4\" id=\"mon4\" type=\"hidden\"></td>\n                            <td class=\"time_block time_block_selected\"><input name=\"tues4\" id=\"tues4\" type=\"hidden\"></td>\n                            <td class=\"time_block time_block_selected\"><input name=\"wed4\" id=\"wed4\" type=\"hidden\"></td>\n                            <td class=\"time_block time_block_selected\"><input name=\"thur4\" id=\"thur4\" type=\"hidden\"></td>\n                            <td class=\"time_block time_block_selected\"><input name=\"fri4\" id=\"fri4\" type=\"hidden\"></td>\n                            <td class=\"time_block time_block_selected\"><input name=\"sat4\" id=\"sat4\" type=\"hidden\"></td>\n                            <td class=\"time_block time_block_selected\"><input name=\"sun4\" id=\"sun4\" type=\"hidden\"></td>\n                        </tr>\n                    </tbody></table>\n                '),(4,29,'阳光职场','',0,0,'0000-00-00','','','','',0,'');
/*!40000 ALTER TABLE `fanwe_user_resume` ENABLE KEYS */;
UNLOCK TABLES;

--
-- Table structure for table `fanwe_user_weibo`
--

DROP TABLE IF EXISTS `fanwe_user_weibo`;
/*!40101 SET @saved_cs_client     = @@character_set_client */;
/*!40101 SET character_set_client = utf8 */;
CREATE TABLE `fanwe_user_weibo` (
  `id` int(11) NOT NULL AUTO_INCREMENT,
  `user_id` int(11) NOT NULL,
  `weibo_url` varchar(255) NOT NULL,
  PRIMARY KEY (`id`)
) ENGINE=InnoDB AUTO_INCREMENT=35 DEFAULT CHARSET=utf8;
/*!40101 SET character_set_client = @saved_cs_client */;

--
-- Dumping data for table `fanwe_user_weibo`
--

LOCK TABLES `fanwe_user_weibo` WRITE;
/*!40000 ALTER TABLE `fanwe_user_weibo` DISABLE KEYS */;
INSERT INTO `fanwe_user_weibo` VALUES (29,20,'devil:13004523733ddd'),(30,20,'ggg'),(31,20,'tttt'),(32,20,'ttf'),(33,20,'fff'),(34,20,'ccccc');
/*!40000 ALTER TABLE `fanwe_user_weibo` ENABLE KEYS */;
UNLOCK TABLES;
/*!40103 SET TIME_ZONE=@OLD_TIME_ZONE */;

/*!40101 SET SQL_MODE=@OLD_SQL_MODE */;
/*!40014 SET FOREIGN_KEY_CHECKS=@OLD_FOREIGN_KEY_CHECKS */;
/*!40014 SET UNIQUE_CHECKS=@OLD_UNIQUE_CHECKS */;
/*!40101 SET CHARACTER_SET_CLIENT=@OLD_CHARACTER_SET_CLIENT */;
/*!40101 SET CHARACTER_SET_RESULTS=@OLD_CHARACTER_SET_RESULTS */;
/*!40101 SET COLLATION_CONNECTION=@OLD_COLLATION_CONNECTION */;
/*!40111 SET SQL_NOTES=@OLD_SQL_NOTES */;

-- Dump completed on 2015-05-12  8:43:09
